No,ID_SPKLU,Nama_SPKLU,Tagging_SPKLU,Jenis_Lokasi,UP3,Kota_Kab,Latitude,Longitude,Jml_Transaksi,Energi_kWh,Pendapatan_Rp
1,2038,SPKLU DAYA+ PLN UP3 BEKASI,Hijau (Utilisasi Tinggi >50 trx),Kantor / Unit Layanan PLN,BEKASI,KOTA BEKASI,-6.252847,107.010401,5564,129897.15,346064859
2,1682,SPKLU CENTER UCI BENY KM38B TOL JAGORAWI,Hijau (Utilisasi Tinggi >50 trx),Rest Area Tol,BOGOR,KOTA BOGOR,-6.575403,106.838482,3890,93424.49,241978003
3,2078,SPKLU UCI BENY GARDENS SWG,Hijau (Utilisasi Tinggi >50 trx),Perumahan / Township,DEPOK,KOTA DEPOK,-6.3789,106.7457,2962,70853.12,181767193
4,1562,SPKLU BSPACE GRAND DEPOK CITY,Hijau (Utilisasi Tinggi >50 trx),Perumahan / Township,DEPOK,KOTA DEPOK,-6.432733,106.82615,2346,56529.21,145023978
5,309,SPKLU REST AREA (TRAVOY) KM 88 A RUAS CIPULARANG,Hijau (Utilisasi Tinggi >50 trx),Rest Area Tol,PURWAKARTA,KAB. PURWAKARTA,-6.601573,107.427145,2192,50637.49,128658443
6,2058,SPKLU DAYA+ PLN UP3 BOGOR,Hijau (Utilisasi Tinggi >50 trx),Kantor / Unit Layanan PLN,BOGOR,KOTA BOGOR,-6.572129,106.808797,1625,47191.93,122233523
7,1826,SPKLU UCI BENY Q SQUARE LIFESTYLE PARK,Hijau (Utilisasi Tinggi >50 trx),Mall / Retail / Supermarket,BOGOR,KAB. BOGOR,-6.526736,106.832144,1908,45310.82,117359994
8,2188,SPKLU (ARISTA POWER) BYD ARISTA SENTUL,Hijau (Utilisasi Tinggi >50 trx),Dealer / Showroom Mobil,GUNUNG PUTRI,KAB. BOGOR,-6.567082,106.850909,1796,43470.77,112595374
9,1988,SPKLU CSE PLN UP3 BANDUNG,Hijau (Utilisasi Tinggi >50 trx),Kantor / Unit Layanan PLN,BANDUNG,KOTA BANDUNG,-6.948859,107.611765,1606,43413.79,115660422
10,302,SPKLU REST AREA KM 57 A RUAS JAKARTA - CIKAMPEK,Hijau (Utilisasi Tinggi >50 trx),Rest Area Tol,KARAWANG,KAB. KARAWANG,-6.367146,107.360867,1811,41264.46,105861762
11,2054,SPKLU DAYA+ CENTER UP3 BANDUNG,Hijau (Utilisasi Tinggi >50 trx),Kantor / Unit Layanan PLN,BANDUNG,KOTA BANDUNG,-6.948859,107.611765,1528,39845.05,106153056
12,313,SPKLU PLN ICON HUB (BRAGA HERITAGE),Hijau (Utilisasi Tinggi >50 trx),Kantor / Unit Layanan PLN,BANDUNG,KOTA BANDUNG,-6.920082,107.609372,1470,37334.88,99463566
13,979,SPKLU ONE STOP CHARGING STATION SURAPATI,Hijau (Utilisasi Tinggi >50 trx),Publik / Pemerintah / Transportasi,BANDUNG,KOTA BANDUNG,-6.898728,107.621305,1463,36935.94,98402523
14,2039,SPKLU DAYA+ PLN ULP BEKASI KOTA 120kW,Hijau (Utilisasi Tinggi >50 trx),Kantor / Unit Layanan PLN,BEKASI,KOTA BEKASI,-6.239109,106.993489,1512,35427.55,94383885
15,2142,SPKLU DHAF COFFEE & CAR WASH,Hijau (Utilisasi Tinggi >50 trx),F&B / Kafe / Leisure Retail,BEKASI,KOTA BEKASI,-6.258485,106.987473,1456,34638.12,92279982
16,310,SPKLU REST AREA (TRAVOY) KM 88 B RUAS CIPULARANG,Hijau (Utilisasi Tinggi >50 trx),Rest Area Tol,PURWAKARTA,KAB. PURWAKARTA,-6.60421,107.42353,1622,34405.62,87417272
17,2035,SPKLU DAYA+ ULP Bogor Kota,Hijau (Utilisasi Tinggi >50 trx),Kantor / Unit Layanan PLN,BOGOR,KOTA BOGOR,-6.596175,106.790009,1392,32677.89,84640516
18,1855,SPKLU (ARISTA POWER) BYD ARISTA BOGOR,Hijau (Utilisasi Tinggi >50 trx),Dealer / Showroom Mobil,BOGOR,KOTA BOGOR,-6.575953,106.807518,1249,32059.48,83036501
19,2072,SPKLU DAYA+ ULP Bandung Utara,Hijau (Utilisasi Tinggi >50 trx),Kantor / Unit Layanan PLN,BANDUNG,KAB. BANDUNG,-6.878957,107.597197,1137,31927.07,83483043
20,545,SPKLU CENTER REST AREA KM 166 A RUAS TOL CIPALI,Hijau (Utilisasi Tinggi >50 trx),Rest Area Tol,SUMEDANG,KAB. MAJALENGKA,-6.712876,108.242674,1176,31515.55,77742314
21,1989,SPKLU CSE PLN UP3 Cirebon,Hijau (Utilisasi Tinggi >50 trx),Kantor / Unit Layanan PLN,CIREBON,KOTA CIREBON,-6.71115,108.540256,1104,31455.39,81472135
22,303,SPKLU REST AREA KM 62 B RUAS JAKARTA - CIKAMPEK,Hijau (Utilisasi Tinggi >50 trx),Rest Area Tol,KARAWANG,KAB. KARAWANG,-6.388654,107.394985,1444,30922.1,79328518
23,2264,SPKLU HVT PASAR SEGAR,Hijau (Utilisasi Tinggi >50 trx),Mall / Retail / Supermarket,DEPOK,KOTA DEPOK,-6.403602,106.83337,1389,30549.34,78371712
24,544,SPKLU CENTER REST AREA KM 164 B RUAS TOL CIPALI,Hijau (Utilisasi Tinggi >50 trx),Rest Area Tol,SUMEDANG,KAB. MAJALENGKA,-6.706957,108.224772,1121,28927.91,71358930
25,1990,SPKLU HVT ONE STOP CHARGING STATION SURAPATI,Hijau (Utilisasi Tinggi >50 trx),Publik / Pemerintah / Transportasi,BANDUNG,KOTA BANDUNG,-6.898728,107.621305,1371,28221.04,75184946
26,1998,SPKLU NISCALA ONE STOP CHARGING STATION SURAPATI,Hijau (Utilisasi Tinggi >50 trx),Publik / Pemerintah / Transportasi,BANDUNG,KOTA BANDUNG,-6.898728,107.621305,1004,27872.1,74255216
27,2169,SPKLU HVT Chery Avante Sholeh Iskandar,Hijau (Utilisasi Tinggi >50 trx),Dealer / Showroom Mobil,BOGOR,KOTA BOGOR,-6.560036,106.788375,1250,27437.8,71066622
28,2005,SPKLU Center Amanah Raharjo Rest Area KM 229 B Ruas Kanci - Pejagan,Hijau (Utilisasi Tinggi >50 trx),Rest Area Tol,CIREBON,KAB. CIREBON,-6.884592,108.708023,800,27405.81,73011830
29,2004,SPKLU PLN UCI BENY SM GEELY CIBUBUR,Hijau (Utilisasi Tinggi >50 trx),Dealer / Showroom Mobil,GUNUNG PUTRI,KAB. BOGOR,-6.391599,106.952961,1069,27127.04,70261735
30,2089,SPKLU VOKSEL TAMAN PANAS DINGIN CAFÉ CIBINONG,Hijau (Utilisasi Tinggi >50 trx),F&B / Kafe / Leisure Retail,DEPOK,KOTA DEPOK,-6.436056,106.851302,1206,26641.53,68346233
31,524,SPKLU REST AREA KM 19 B RUAS JAKARTA - CIKAMPEK,Hijau (Utilisasi Tinggi >50 trx),Rest Area Tol,BEKASI,KAB. BEKASI,-6.271176,107.039319,1231,26496.01,68628063
32,1942,SPKLU UCI BENY CHERY TRIMEGAH BEKASI,Hijau (Utilisasi Tinggi >50 trx),Dealer / Showroom Mobil,BEKASI,KOTA BEKASI,-6.263917,106.995638,1107,26010.48,69294232
33,2034,SPKLU HOEGENG POSPOL GADOG,Hijau (Utilisasi Tinggi >50 trx),Publik / Pemerintah / Transportasi,BOGOR,KAB. BOGOR,-6.655357,106.858832,1163,25911.77,67113543
34,533,SPKLU REST AREA KM 19 A RUAS JAKARTA - CIKAMPEK,Hijau (Utilisasi Tinggi >50 trx),Rest Area Tol,CIKARANG,KAB. BEKASI,-6.269056,107.036151,1033,25295.11,65516514
35,607,SPKLU (ARISTA POWER) BYD ARISTA DEPOK,Hijau (Utilisasi Tinggi >50 trx),Dealer / Showroom Mobil,DEPOK,KOTA DEPOK,-6.381324,106.830033,978,24930.2,63957687
36,306,SPKLU REST AREA KM 101 B RUAS CIPALI (UFC),Hijau (Utilisasi Tinggi >50 trx),Rest Area Tol,PURWAKARTA,KAB. SUBANG,-6.509102,107.718693,896,24713.38,67057870
37,1448,SPKLU PLN TRANS STUDIO MALL BANDUNG,Hijau (Utilisasi Tinggi >50 trx),Mall / Retail / Supermarket,BANDUNG,KOTA BANDUNG,-6.925774,107.636134,968,22745.32,60596953
38,543,SPKLU REST AREA KM 102 A Tol Cikampek-Palimanan,Hijau (Utilisasi Tinggi >50 trx),Rest Area Tol,PURWAKARTA,KAB. SUBANG,-6.508229,107.721088,925,21653.29,58754940
39,2261,SPKLU CENTER SUMMARECON BEKASI,Hijau (Utilisasi Tinggi >50 trx),Mall / Retail / Supermarket,BEKASI,KOTA BEKASI,-6.22557,107.00069,859,19960.82,53177078
40,593,SPKLU REST AREA KM 125 B RUAS PADALARANG - CILEUNYI,Hijau (Utilisasi Tinggi >50 trx),Rest Area Tol,CIMAHI,KOTA CIMAHI,-6.885976,107.520432,683,19887.0,49057213
41,516,SPKLU REST AREA KM 72 A RUAS CIKAMPEK - PADALARANG,Hijau (Utilisasi Tinggi >50 trx),Rest Area Tol,PURWAKARTA,KAB. PURWAKARTA,-6.466612,107.444503,1036,19677.12,49994315
42,10,SPKLU REST AREA (TRAVOY) KM 207 A Ruas Palikanci,Hijau (Utilisasi Tinggi >50 trx),Rest Area Tol,CIREBON,KAB. CIREBON,-6.775515,108.562221,807,19324.16,51481843
43,2011,SPKLU BTN CABANG CIBUBUR SALES CENTER,Hijau (Utilisasi Tinggi >50 trx),Dealer / Showroom Mobil,GUNUNG PUTRI,KAB. BOGOR,-6.385731,106.937607,853,18327.53,47469845
44,1743,SPKLU (ARISTA POWER) BYD ARISTA SUMMARECON BEKASI,Hijau (Utilisasi Tinggi >50 trx),Mall / Retail / Supermarket,BEKASI,KOTA BEKASI,-6.223169,106.998075,858,17986.42,47917256
45,2119,SPKLU NISCALA PLN ULP BOGOR BARAT,Hijau (Utilisasi Tinggi >50 trx),Kantor / Unit Layanan PLN,BOGOR,KAB. BOGOR,-6.515967,106.757028,771,17087.41,44257788
46,2083,SPKLU UCI BENNY ASTON PUNCAK,Hijau (Utilisasi Tinggi >50 trx),Hotel / Hospitality,CIANJUR,KAB. CIANJUR,-6.712701,107.010887,638,16678.76,43610545
47,2245,SPKLU CENTER DAYA+ PLN UP3 CIREBON,Hijau (Utilisasi Tinggi >50 trx),Kantor / Unit Layanan PLN,CIREBON,KOTA CIREBON,-6.711136,108.540153,568,16665.38,43165615
48,2038,SPKLU DAYA+ PLN UP3 BEKASI 120kW,Hijau (Utilisasi Tinggi >50 trx),Kantor / Unit Layanan PLN,BEKASI,KOTA BEKASI,-6.252847,107.010401,728,16632.1,44310341
49,2198,SPKLU PT AMARTA MUSTIKA SAWANGAN,Hijau (Utilisasi Tinggi >50 trx),Lainnya / Campuran,DEPOK,KOTA DEPOK,-6.373445,106.745508,721,16589.13,42558960
50,304,SPKLU REST AREA KM 130 A RUAS CIPALI,Hijau (Utilisasi Tinggi >50 trx),Rest Area Tol,INDRAMAYU,KAB. INDRAMAYU,-6.57588,107.960335,735,15988.88,41806583
51,184,SPKLU PLN ULP CILEUNGSI,Hijau (Utilisasi Tinggi >50 trx),Kantor / Unit Layanan PLN,GUNUNG PUTRI,KAB. BOGOR,-6.407381,106.972579,646,15790.18,40898766
52,447,SPKLU HVT Rest Area KM 45 Ciawi,Hijau (Utilisasi Tinggi >50 trx),Rest Area Tol,BOGOR,KAB. BOGOR,-6.63647,106.843786,818,15757.69,40813702
53,19,Rest Area KM 208 B Ruas Palikanci,Hijau (Utilisasi Tinggi >50 trx),Rest Area Tol,CIREBON,KAB. CIREBON,-6.778025,108.567214,500,15222.18,40553376
54,2040,SPKLU HVT PLN ULP CIPAYUNG,Hijau (Utilisasi Tinggi >50 trx),Kantor / Unit Layanan PLN,BOGOR,KAB. BOGOR,-6.650524,106.89581,664,14842.83,38444967
55,242,SPKLU PLN ULP GARUT KOTA,Hijau (Utilisasi Tinggi >50 trx),Kantor / Unit Layanan PLN,GARUT,KAB. GARUT,-7.194623,107.886342,554,13792.84,35725222
56,2246,SPKLU CENTER DAYA+ RA KM 228 A RUAS TOL PALIKANCI,Hijau (Utilisasi Tinggi >50 trx),Rest Area Tol,CIREBON,KAB. CIREBON,-6.881308,108.70276,433,13452.54,35839429
57,538,SPKLU REST AREA KM 149 B RUAS PADALARANG - CILEUNYI,Hijau (Utilisasi Tinggi >50 trx),Rest Area Tol,MAJALAYA,KOTA BANDUNG,-6.968575,107.703976,538,12520.44,33356063
58,536,SPKLU REST AREA KM 42 B RUAS JAKARTA - CIKAMPEK,Hijau (Utilisasi Tinggi >50 trx),Rest Area Tol,KARAWANG,KAB. KARAWANG,-6.354965,107.230412,543,11998.83,30782475
59,439,SPKLU HVT REST AREA KM 97 CIPULARANG,Hijau (Utilisasi Tinggi >50 trx),Rest Area Tol,PURWAKARTA,KAB. PURWAKARTA,-6.675164,107.439186,489,10621.53,26987128
60,2001,SPKLU BTN Kanwil Jawa Barat,Hijau (Utilisasi Tinggi >50 trx),Kantor / Unit Layanan PLN,BANDUNG,KOTA BANDUNG,-6.940122,107.625613,461,10501.92,27978031
61,145,SPKLU PLN ULP BANDUNG TIMUR,Hijau (Utilisasi Tinggi >50 trx),Kantor / Unit Layanan PLN,BANDUNG,KOTA BANDUNG,-6.899297,107.641246,502,10290.39,27414565
62,526,SPKLU REST AREA KM 147 A RUAS PADALARANG - CILEUNYI,Hijau (Utilisasi Tinggi >50 trx),Rest Area Tol,BANDUNG,KOTA BANDUNG,-6.96689,107.681659,471,10284.14,27397706
63,308,SPKLU REST AREA KM 229 B RUAS KANCI - PEJAGAN,Hijau (Utilisasi Tinggi >50 trx),Rest Area Tol,CIREBON,KAB. CIREBON,-6.884346,108.707599,336,10134.2,26998486
64,387,SPKLU Kota Baru Parahyangan,Hijau (Utilisasi Tinggi >50 trx),Perumahan / Township,CIMAHI,KAB. BANDUNG BARAT,-6.86738,107.464925,489,9857.37,25044861
65,305,SPKLU REST AREA KM 130 B RUAS CIPALI,Hijau (Utilisasi Tinggi >50 trx),Rest Area Tol,INDRAMAYU,KAB. INDRAMAYU,-6.576623,107.960126,489,9821.94,25682408
66,608,SPKLU (ARISTA POWER) BYD ARISTA BANDUNG SOETA,Hijau (Utilisasi Tinggi >50 trx),Dealer / Showroom Mobil,BANDUNG,KOTA BANDUNG,-6.938495,107.675904,384,9816.4,26152289
67,168,SPKLU PLN UP3 CIANJUR,Hijau (Utilisasi Tinggi >50 trx),Kantor / Unit Layanan PLN,CIANJUR,KAB. CIANJUR,-6.81372,107.136829,405,9538.41,24940606
68,1904,SPKLU PLN MALL LIPPO CIKARANG,Hijau (Utilisasi Tinggi >50 trx),Mall / Retail / Supermarket,CIKARANG,KAB. BEKASI,-6.33345,107.136706,527,9532.09,24689288
69,675,SPKLU PLN GEOWISATA INN,Hijau (Utilisasi Tinggi >50 trx),Hotel / Hospitality,BANDUNG,KOTA BANDUNG,-6.917518,107.578369,438,9093.19,24225477
70,157,SPKLU PLN UP3 DEPOK,Hijau (Utilisasi Tinggi >50 trx),Kantor / Unit Layanan PLN,DEPOK,KOTA DEPOK,-6.418477,106.826865,592,9010.18,23114747
71,1512,SPKLU PLN BALE PARE KBP,Hijau (Utilisasi Tinggi >50 trx),Perumahan / Township,CIMAHI,KAB. BANDUNG BARAT,-6.857299,107.490826,454,8575.9,21789443
72,525,SPKLU REST AREA KM 39 A RUAS JAKARTA - CIKAMPEK,Hijau (Utilisasi Tinggi >50 trx),Rest Area Tol,CIKARANG,KAB. BEKASI,-6.347979,107.204346,483,8532.37,22099616
73,178,SPKLU PLN UP3 TASIKMALAYA,Hijau (Utilisasi Tinggi >50 trx),Kantor / Unit Layanan PLN,TASIKMALAYA,KAB. TASIKMALAYA,-7.315839,108.230734,350,8278.34,22463050
74,34,SPKLU PLN ULP BANDUNG UTARA,Hijau (Utilisasi Tinggi >50 trx),Kantor / Unit Layanan PLN,BANDUNG,KOTA BANDUNG,-6.87909,107.597206,466,6785.97,18078115
75,1285,SPKLU PLN APARTEMEN GATEWAY PASTEUR,Hijau (Utilisasi Tinggi >50 trx),Perumahan / Township,CIMAHI,KOTA BANDUNG,-6.889389,107.566734,334,6762.35,18015896
76,17,SPKLU PLN UP3 BANDUNG,Hijau (Utilisasi Tinggi >50 trx),Kantor / Unit Layanan PLN,BANDUNG,KOTA BANDUNG,-6.948859,107.611765,377,6723.95,17913505
77,307,SPKLU Center Rest Area KM 228 A,Hijau (Utilisasi Tinggi >50 trx),Rest Area Tol,CIREBON,KAB. CIREBON,-6.881331,108.702778,253,6705.23,17863374
78,181,SPKLU PLN UP3 CIMAHI,Hijau (Utilisasi Tinggi >50 trx),Kantor / Unit Layanan PLN,CIMAHI,KOTA CIMAHI,-6.870555,107.536452,319,6646.84,16396345
79,1987,SPKLU ALVACHARGE 120 kW RA KM 228 A RUAS KANCI - PEJAGAN,Hijau (Utilisasi Tinggi >50 trx),Rest Area Tol,CIREBON,KAB. CIREBON,-6.881331,108.702778,228,6625.85,17651905
80,1511,SPKLU PLN MARKETING GALLERY KBP,Hijau (Utilisasi Tinggi >50 trx),Dealer / Showroom Mobil,CIMAHI,KAB. BANDUNG BARAT,-6.856564,107.489628,286,6548.23,16637940
81,1975,SPKLU Energi Lasumi Alus,Hijau (Utilisasi Tinggi >50 trx),Lainnya / Campuran,BANDUNG,KOTA BANDUNG,-6.904819,107.674011,257,6507.68,17336854
82,2045,SPKLU HVT Rest Area KM 229B,Hijau (Utilisasi Tinggi >50 trx),Rest Area Tol,CIREBON,KAB. CIREBON,-6.884346,108.707599,206,6494.1,17300865
83,539,SPKLU REST AREA KM 86 A RUAS CIKAMPEK - PALIMANAN,Hijau (Utilisasi Tinggi >50 trx),Rest Area Tol,PURWAKARTA,KAB. SUBANG,-6.471969,107.585774,341,6122.15,16611923
84,240,SPKLU PLN ULP BANJAR,Hijau (Utilisasi Tinggi >50 trx),Kantor / Unit Layanan PLN,TASIKMALAYA,KOTA BANJAR,-7.371535,108.53575,266,6003.91,15699091
85,1103,SPKLU PLN MALAGA RESTO,Hijau (Utilisasi Tinggi >50 trx),F&B / Kafe / Leisure Retail,BANDUNG,KOTA BANDUNG,-6.885276,107.612741,298,5933.66,15807727
86,965,SPKLU PLN KANTOR BUPATI KARAWANG,Hijau (Utilisasi Tinggi >50 trx),Perkantoran / Gedung Komersial,KARAWANG,KAB. KARAWANG,-6.301599,107.304484,310,5378.48,13798060
87,2076,SPKLU PLN UNIVERSITAS PADJADJARAN JATINANGOR,Hijau (Utilisasi Tinggi >50 trx),Publik / Pemerintah / Transportasi,SUMEDANG,KAB. SUMEDANG,-6.92133,107.77143,267,5326.1,13926751
88,1599,SPKLU PLN MARKETING GALLERY KOTA WISATA,Hijau (Utilisasi Tinggi >50 trx),Dealer / Showroom Mobil,GUNUNG PUTRI,KAB. BOGOR,-6.35004,106.961226,313,5181.61,13420939
89,174,SPKLU Center PLN UP3 Cirebon,Hijau (Utilisasi Tinggi >50 trx),Kantor / Unit Layanan PLN,CIREBON,KOTA CIREBON,-6.71115,108.540256,248,5178.41,13412749
90,537,SPKLU REST AREA KM 72 B RUAS CIKAMPEK - PADALARANG,Hijau (Utilisasi Tinggi >50 trx),Rest Area Tol,PURWAKARTA,KAB. PURWAKARTA,-6.467835,107.444582,392,5135.81,13049108
91,1628,SPKLU MAHATA MARGONDA,Hijau (Utilisasi Tinggi >50 trx),Perumahan / Township,DEPOK,KOTA DEPOK,-6.370291,106.831942,263,4825.18,12378893
92,2013,SPKLU NISCALA 120 kW RA KM 228 A RUAS KANCI - PEJAGAN,Hijau (Utilisasi Tinggi >50 trx),Rest Area Tol,CIREBON,KAB. CIREBON,-6.881331,108.702778,168,4725.06,12588224
93,1307,SPKLU PLN SUMMARECON VILLAGGIO OUTLETS,Hijau (Utilisasi Tinggi >50 trx),Mall / Retail / Supermarket,KARAWANG,KAB. KARAWANG,-6.323376,107.33744,265,4718.6,12105271
94,1436,SPKLU PLN KCP Mall Karawang FC,Hijau (Utilisasi Tinggi >50 trx),Mall / Retail / Supermarket,KARAWANG,KAB. KARAWANG,-6.327342,107.291973,236,4713.28,12091810
95,2275,SPKLU UCI WALKING DRUMS,Hijau (Utilisasi Tinggi >50 trx),F&B / Kafe / Leisure Retail,DEPOK,KOTA DEPOK,-6.367095,106.834342,210,4453.48,11424910
96,808,SPKLU BALAI KOTA BANDUNG,Hijau (Utilisasi Tinggi >50 trx),Publik / Pemerintah / Transportasi,BANDUNG,KOTA BANDUNG,-6.913789,107.609741,267,4357.94,11610014
97,151,SPKLU PLN UP3 SUKABUMI,Hijau (Utilisasi Tinggi >50 trx),Kantor / Unit Layanan PLN,SUKABUMI,KOTA SUKABUMI,-6.913338,106.932631,236,4319.26,11187362
98,2196,SPKLU (ARISTA POWER) BYD ARISTA BANDUNG SUCI,Hijau (Utilisasi Tinggi >50 trx),Dealer / Showroom Mobil,BANDUNG,KOTA BANDUNG,-6.901224,107.647999,159,4262.82,11356756
99,217,SPKLU PLN ULP CIAMIS,Hijau (Utilisasi Tinggi >50 trx),Kantor / Unit Layanan PLN,TASIKMALAYA,KAB. TASIKMALAYA,-7.326067,108.34842,195,4195.15,11383426
100,236,SPKLU PLN UP3 SUMEDANG,Hijau (Utilisasi Tinggi >50 trx),Kantor / Unit Layanan PLN,SUMEDANG,KAB. SUMEDANG,-6.837547,107.916642,168,3896.5,10188445
101,179,SPKLU PLN ULP TASIKMALAYA KOTA,Hijau (Utilisasi Tinggi >50 trx),Kantor / Unit Layanan PLN,TASIKMALAYA,KOTA TASIKMALAYA,-7.327411,108.222606,184,3792.34,10290181
102,479,SPKLU PLN ULP BABELAN,Hijau (Utilisasi Tinggi >50 trx),Kantor / Unit Layanan PLN,BEKASI,KAB. BEKASI,-6.184786,107.038809,223,3514.43,9102661
103,376,SPKLU PLN UIP JBT,Hijau (Utilisasi Tinggi >50 trx),Kantor / Unit Layanan PLN,BANDUNG,KOTA BANDUNG,-6.938255,107.627926,196,3407.17,9076872
104,147,SPKLU PLN UP3 BEKASI,Hijau (Utilisasi Tinggi >50 trx),Kantor / Unit Layanan PLN,BEKASI,KOTA BEKASI,-6.252848,107.010402,262,3400.43,9059031
105,1447,SPKLU PLN GEDUNG SERBAGUNA UP3 PURWAKARTA,Hijau (Utilisasi Tinggi >50 trx),Kantor / Unit Layanan PLN,PURWAKARTA,KAB. PURWAKARTA,-6.556471,107.445107,185,3386.66,8604676
106,2276,SPKLU UCI BENY BALAI KOTA BOGOR,Hijau (Utilisasi Tinggi >50 trx),Publik / Pemerintah / Transportasi,BOGOR,KOTA BOGOR,-6.594914,106.794047,146,3379.48,8753120
107,2006,SPKLU Center Niscala Rest Area KM 229 B Ruas Kanci - Pejagan,Hijau (Utilisasi Tinggi >50 trx),Rest Area Tol,CIREBON,KAB. CIREBON,-6.884346,108.707599,146,3301.13,8794690
108,1210,SPKLU KP MALANGBONG,Hijau (Utilisasi Tinggi >50 trx),Perumahan / Township,GARUT,KAB. GARUT,-7.06085,108.0858,168,3241.02,8394666
109,2129,SPKLU PLN Kajene Food Park,Hijau (Utilisasi Tinggi >50 trx),F&B / Kafe / Leisure Retail,CIREBON,KAB. KUNINGAN,-6.972809,108.4854,123,3233.94,8535902
110,799,SPKLU PLN CITRALAND CIBUBUR,Hijau (Utilisasi Tinggi >50 trx),Perumahan / Township,GUNUNG PUTRI,KAB. BOGOR,-6.407156,107.0055,178,3191.82,8266977
111,1889,SPKLU PLN FAMILY PARK CITRAGRAN,Hijau (Utilisasi Tinggi >50 trx),Perumahan / Township,GUNUNG PUTRI,KOTA BEKASI,-6.386798,106.925725,162,3140.56,8366791
112,427,SPKLU Dormitory IP Pelabuhan Ratu,Hijau (Utilisasi Tinggi >50 trx),Hotel / Hospitality,SUKABUMI,KAB. SUKABUMI,-7.020494,106.543365,146,3035.95,7938425
113,1750,SPKLU PLN CGE AVENUE,Hijau (Utilisasi Tinggi >50 trx),F&B / Kafe / Leisure Retail,DEPOK,KOTA DEPOK,-6.412542,106.886044,143,2956.75,7585233
114,861,SPKLU PLN ARUNIKA RESTO,Hijau (Utilisasi Tinggi >50 trx),F&B / Kafe / Leisure Retail,CIREBON,KAB. KUNINGAN,-6.941446,108.445206,110,2942.62,7766952
115,1530,SPKLU BlueCharge - Margocity,Hijau (Utilisasi Tinggi >50 trx),Lainnya / Campuran,DEPOK,KOTA DEPOK,-6.372754,106.834456,202,2796.05,7172780
116,2144,SPKLU SWISS-BELHOTEL KARAWANG,Hijau (Utilisasi Tinggi >50 trx),Hotel / Hospitality,KARAWANG,KAB. KARAWANG,-6.296124,107.293541,120,2436.47,6250633
117,416,SPKLU PLN SPORT CLUB KOTAWISATA,Hijau (Utilisasi Tinggi >50 trx),Wisata / Leisure,GUNUNG PUTRI,KAB. BOGOR,-6.380274,106.957463,139,2403.93,6226383
118,152,SPKLU PLN ULP SUKABUMI KOTA,Hijau (Utilisasi Tinggi >50 trx),Kantor / Unit Layanan PLN,SUKABUMI,KOTA SUKABUMI,-6.920338,106.932118,145,2379.32,6162685
119,1728,SPKLU Hotel Bigland Bogor,Hijau (Utilisasi Tinggi >50 trx),Hotel / Hospitality,BOGOR,KOTA BOGOR,-6.598081,106.809253,171,2233.78,5785691
120,167,SPKLU PLN UP3 BOGOR,Hijau (Utilisasi Tinggi >50 trx),Kantor / Unit Layanan PLN,BOGOR,KOTA BOGOR,-6.572129,106.808797,280,2168.8,5617321
121,200,SPKLU PLN ULP LEMAHABANG,Hijau (Utilisasi Tinggi >50 trx),Kantor / Unit Layanan PLN,CIKARANG,KAB. BEKASI,-6.283439,107.168389,153,2137.13,5535393
122,155,SPKLU PLN UP3 INDRAMAYU,Hijau (Utilisasi Tinggi >50 trx),Kantor / Unit Layanan PLN,INDRAMAYU,KAB. INDRAMAYU,-6.325972,108.32237,111,2061.07,5389199
123,158,SPKLU PLN ULP DEPOK KOTA,Hijau (Utilisasi Tinggi >50 trx),Kantor / Unit Layanan PLN,DEPOK,KOTA DEPOK,-6.395795,106.836799,186,2016.99,5174417
124,231,SPKLU PLN ULP BOJONGGEDE,Hijau (Utilisasi Tinggi >50 trx),Kantor / Unit Layanan PLN,DEPOK,KAB. BOGOR,-6.477392,106.803697,128,1922.79,4980127
125,2250,SPKLU Mobile UID Jabar,Hijau (Utilisasi Tinggi >50 trx),Kantor / Unit Layanan PLN,SUMEDANG,KAB. SUMEDANG,,,67,1910.39,4995277
126,220,SPKLU PLN ULP PANGANDARAN,Hijau (Utilisasi Tinggi >50 trx),Kantor / Unit Layanan PLN,TASIKMALAYA,KAB. PANGANDARAN,-7.684045,108.657817,129,1881.2,5104587
127,1858,SPKLU RS SENTRA MEDIKA,Hijau (Utilisasi Tinggi >50 trx),Rumah Sakit / Kesehatan,DEPOK,KOTA DEPOK,-6.480202,106.86465,139,1871.3,4800601
128,169,SPKLU PLN POSKO CIMACAN,Hijau (Utilisasi Tinggi >50 trx),Kantor / Unit Layanan PLN,CIANJUR,KAB. CIANJUR,-6.713866,107.022611,161,1853.01,4845149
129,1775,SPKLU GRAND SUNSHINE RESORT,Hijau (Utilisasi Tinggi >50 trx),Hotel / Hospitality,MAJALAYA,KAB. BANDUNG,-7.024873,107.528462,98,1797.0,4698822
130,312,SPKLU KP LIMBANGAN,Hijau (Utilisasi Tinggi >50 trx),Perumahan / Township,GARUT,KAB. GARUT,-7.034584,107.985323,107,1770.75,4586391
131,191,SPKLU PERUM GRAND TARUMA,Hijau (Utilisasi Tinggi >50 trx),Perumahan / Township,KARAWANG,KAB. KARAWANG,-6.305757,107.278373,88,1750.55,4490881
132,1804,SPKLU PLN Hotel Cemerlang,Hijau (Utilisasi Tinggi >50 trx),Hotel / Hospitality,BANDUNG,KOTA BANDUNG,-6.912297,107.597774,106,1706.08,4545132
133,209,SPKLU PLN ULP CIKAMPEK,Hijau (Utilisasi Tinggi >50 trx),Kantor / Unit Layanan PLN,KARAWANG,KAB. KARAWANG,-6.411953,107.464399,121,1687.9,4330081
134,213,SPKLU PLN ULP SUBANG,Hijau (Utilisasi Tinggi >50 trx),Kantor / Unit Layanan PLN,PURWAKARTA,KAB. SUBANG,-6.562953,107.768206,107,1614.8,4381719
135,224,SPKLU PLN ULP LEMBANG,Hijau (Utilisasi Tinggi >50 trx),Kantor / Unit Layanan PLN,CIMAHI,KAB. BANDUNG BARAT,-6.818327,107.622004,112,1560.42,3964703
136,1833,SPKLU PLN GRAGE MALL,Hijau (Utilisasi Tinggi >50 trx),Mall / Retail / Supermarket,CIREBON,KAB. CIREBON,-6.713324,108.551606,102,1545.83,4118229
137,2008,SPKLU ALVACHARGE 60 kW RA KM 229 B RUAS KANCI - PEJAGAN,Hijau (Utilisasi Tinggi >50 trx),Rest Area Tol,CIREBON,KAB. CIREBON,-6.884346,108.707599,61,1494.14,3980423
138,1725,SPKLU RS ISLAM AYSHA,Hijau (Utilisasi Tinggi >50 trx),Rumah Sakit / Kesehatan,DEPOK,KAB. BOGOR,-6.509153,106.804761,116,1447.75,3749765
139,206,SPKLU PLN ULP JONGGOL,Hijau (Utilisasi Tinggi >50 trx),Kantor / Unit Layanan PLN,GUNUNG PUTRI,KAB. BOGOR,-6.461929,107.059223,119,1445.12,3742867
140,864,SPKLU PLN HOTEL SANTIKA PREMIERE,Hijau (Utilisasi Tinggi >50 trx),Hotel / Hospitality,CIREBON,KAB. KUNINGAN,-6.880798,108.490502,71,1438.83,3797749
141,544,SPKLU REST AREA KM 164 B Tol Cikampek-Palimanan,Hijau (Utilisasi Tinggi >50 trx),Rest Area Tol,SUMEDANG,KAB. MAJALENGKA,-6.706957,108.224772,60,1427.76,3521918
142,1715,SPKLU PLN PR Millennium City Parung Panjang,Hijau (Utilisasi Tinggi >50 trx),Perumahan / Township,BOGOR,KAB. BOGOR,-6.351498,106.58071,86,1417.01,3670266
143,1933,SPKLU Hexing Teras Teh Popi,Hijau (Utilisasi Tinggi >50 trx),F&B / Kafe / Leisure Retail,BOGOR,KOTA BOGOR,-6.54272,106.812433,81,1406.99,3644335
144,1513,SPKLU PLN VERONA HILLS,Hijau (Utilisasi Tinggi >50 trx),Perumahan / Township,CIREBON,KAB. CIREBON,-6.763832,108.526161,56,1353.64,3606292
145,193,SPKLU PLN ULP MUSTIKA JAYA,Hijau (Utilisasi Tinggi >50 trx),Kantor / Unit Layanan PLN,BEKASI,KAB. BEKASI,-6.320262,107.033516,152,1332.62,3451563
146,414,SPKLU PLN HOTEL LE EMINENCE,Hijau (Utilisasi Tinggi >50 trx),Hotel / Hospitality,CIANJUR,KAB. CIANJUR,-6.708359,107.022974,66,1245.91,3257740
147,163,SPKLU PLN ULP BANTARGEBANG,Hijau (Utilisasi Tinggi >50 trx),Kantor / Unit Layanan PLN,BEKASI,KOTA BEKASI,-6.266005,107.008409,115,1221.51,3254313
148,1095,SPKLU PLN HOTEL SANTIKA GARUT,Hijau (Utilisasi Tinggi >50 trx),Hotel / Hospitality,GARUT,KAB. GARUT,-7.17535,107.8864,62,1213.04,3141945
149,204,SPKLU PLN ULP SAWANGAN,Hijau (Utilisasi Tinggi >50 trx),Kantor / Unit Layanan PLN,DEPOK,KAB. BOGOR,-6.41222,106.734882,101,1201.18,3111108
150,187,SPKLU PLN UP3 MAJALAYA,Hijau (Utilisasi Tinggi >50 trx),Kantor / Unit Layanan PLN,MAJALAYA,KAB. BANDUNG,-7.006074,107.62553,76,1183.5,3094432
151,180,SPKLU PLN ULP TAMBUN,Hijau (Utilisasi Tinggi >50 trx),Kantor / Unit Layanan PLN,CIKARANG,KAB. BEKASI,-6.246886,107.063138,193,1181.24,3059585
152,1359,SPKLU PLN Festive Walk Mall,Hijau (Utilisasi Tinggi >50 trx),Mall / Retail / Supermarket,KARAWANG,KAB. KARAWANG,-6.327342,107.291973,116,1158.47,2972059
153,454,SPKLU SAKURA HARVEST CITY,Hijau (Utilisasi Tinggi >50 trx),Perumahan / Township,GUNUNG PUTRI,KAB. BEKASI,-6.382608,107.040949,71,1154.21,2989523
154,1567,SPKLU PLN BALI RESORT EXTENSION,Hijau (Utilisasi Tinggi >50 trx),Hotel / Hospitality,DEPOK,KAB. BOGOR,-6.380238,106.709876,72,1151.99,2983791
155,1665,SPKLU PLN TENTH AVENUE BANDUNG,Hijau (Utilisasi Tinggi >50 trx),F&B / Kafe / Leisure Retail,BANDUNG,KOTA BANDUNG,-6.945959,107.640992,93,1120.78,2985948
156,1731,SPKLU PLN CAHAYA VILLA HOTEL GARUT,Hijau (Utilisasi Tinggi >50 trx),Hotel / Hospitality,GARUT,KAB. GARUT,-7.17829,107.8765,62,1109.27,2873175
157,1523,SPKLU PLN HOTEL ASTON CIREBON,Kuning (Utilisasi Sedang 11-50 trx),Hotel / Hospitality,CIREBON,KOTA CIREBON,-6.721937,108.539247,47,1083.46,2806315
158,1705,SPKLU PLN RS ADVENT BANDUNG,Hijau (Utilisasi Tinggi >50 trx),Rumah Sakit / Kesehatan,BANDUNG,KOTA BANDUNG,-6.89172,107.603159,73,1078.86,2874256
159,159,SPKLU PLN ULP CIBADAK,Hijau (Utilisasi Tinggi >50 trx),Kantor / Unit Layanan PLN,SUKABUMI,KAB. SUKABUMI,-6.896281,106.819305,85,1073.36,2806528
160,160,SPKLU PLN ULP CICURUG,Hijau (Utilisasi Tinggi >50 trx),Kantor / Unit Layanan PLN,SUKABUMI,KAB. SUKABUMI,-6.799632,106.775411,85,1015.87,2656196
161,1799,SPKLU Taman Safari Bogor,Hijau (Utilisasi Tinggi >50 trx),Wisata / Leisure,BOGOR,KAB. BOGOR,-6.71399,106.947177,65,1000.23,2590593
162,417,SPKLU SEKDA SUKABUMI,Hijau (Utilisasi Tinggi >50 trx),Publik / Pemerintah / Transportasi,SUKABUMI,KOTA SUKABUMI,-6.918003,106.931326,60,998.86,2587117
163,139,SPKLU PLN UID JAWA BARAT,Kuning (Utilisasi Sedang 11-50 trx),Kantor / Unit Layanan PLN,BANDUNG,KOTA BANDUNG,-6.920545,107.608166,49,996.34,2654284
164,238,SPKLU PLN ULP MAJALENGKA,Hijau (Utilisasi Tinggi >50 trx),Kantor / Unit Layanan PLN,SUMEDANG,KAB. MAJALENGKA,-6.830097,108.206052,61,975.48,2406323
165,230,SPKLU PLN ULP CIMANGGIS,Hijau (Utilisasi Tinggi >50 trx),Kantor / Unit Layanan PLN,DEPOK,KOTA DEPOK,-6.375685,106.863506,132,941.44,2415238
166,214,SPKLU PLN ULP PAMANUKAN,Hijau (Utilisasi Tinggi >50 trx),Kantor / Unit Layanan PLN,PURWAKARTA,KAB. PURWAKARTA,-6.298174,107.820852,85,939.54,2387169
167,1459,SPKLU Hotel Laska Sukabumi Kota,Hijau (Utilisasi Tinggi >50 trx),Hotel / Hospitality,SUKABUMI,KOTA SUKABUMI,-6.911599,106.92672,58,927.89,2403375
168,1897,SPKLU CITYWALK LIPPO CIKARANG,Hijau (Utilisasi Tinggi >50 trx),Mall / Retail / Supermarket,CIKARANG,KAB. BEKASI,-6.328108,107.127747,81,926.14,2398851
169,166,SPKLU PLN ULP BOGOR KOTA,Hijau (Utilisasi Tinggi >50 trx),Kantor / Unit Layanan PLN,BOGOR,KOTA BOGOR,-6.596175,106.790009,112,916.32,2373193
170,195,SPKLU PLN ULP LEUWILIANG,Hijau (Utilisasi Tinggi >50 trx),Kantor / Unit Layanan PLN,BOGOR,KAB. BOGOR,-6.564198,106.677962,98,905.21,2344529
171,1712,SPKLU PLN HOTEL LE EMINENCE LEMBANG,Kuning (Utilisasi Sedang 11-50 trx),Hotel / Hospitality,CIMAHI,KAB. BANDUNG BARAT,-6.819935,107.627782,50,877.26,2228954
172,183,SPKLU PLN UP3 GUNUNG PUTRI,Hijau (Utilisasi Tinggi >50 trx),Kantor / Unit Layanan PLN,GUNUNG PUTRI,KAB. BOGOR,-6.407381,106.972579,97,852.56,2208030
173,1392,SPKLU TRANSPARK MALL BEKASI JUANDA,Hijau (Utilisasi Tinggi >50 trx),Mall / Retail / Supermarket,BEKASI,KOTA BEKASI,-6.249609,107.016711,70,848.28,2259712
174,1786,SPKLU PLN PRIMAYA HOSPITAL KARAWANG,Kuning (Utilisasi Sedang 11-50 trx),Rumah Sakit / Kesehatan,KARAWANG,KAB. KARAWANG,-6.330123,107.297147,50,846.26,2170999
175,379,SPKLU Fieris Hotel Kertajati,Kuning (Utilisasi Sedang 11-50 trx),Hotel / Hospitality,SUMEDANG,KAB. MAJALENGKA,-6.714158,108.171301,46,840.64,2073620
176,1838,SPKLU PLN Best Western Hotel Setiabudhi Bandung,Kuning (Utilisasi Sedang 11-50 trx),Hotel / Hospitality,BANDUNG,KOTA BANDUNG,-6.861207,107.595032,49,825.44,2198990
177,1354,SPKLU PLN HOTEL GRAND PALMA PANGANDARAN,Kuning (Utilisasi Sedang 11-50 trx),Hotel / Hospitality,TASIKMALAYA,KAB. PANGANDARAN,-7.703875,108.65645,36,821.47,2228998
178,863,SPKLU RS SENTOSA,Kuning (Utilisasi Sedang 11-50 trx),Rumah Sakit / Kesehatan,BOGOR,KAB. BOGOR,-6.495025,106.751274,41,793.69,2055701
179,1467,SPKLU PLN TRANSMART CIREBON,Hijau (Utilisasi Tinggi >50 trx),Mall / Retail / Supermarket,CIREBON,KOTA CIREBON,-6.720803,108.550153,55,787.38,2039442
180,1766,SPKLU PLN Pancar Garden,Hijau (Utilisasi Tinggi >50 trx),Perumahan / Township,GUNUNG PUTRI,KAB. BOGOR,-6.597243,106.890222,65,780.72,2022037
181,1453,SPKLU PLN ULP SUMEDANG KOTA,Kuning (Utilisasi Sedang 11-50 trx),Kantor / Unit Layanan PLN,SUMEDANG,KAB. SUMEDANG,-6.85681,107.920992,45,768.53,2009564
182,1881,SPKLU PLN MALL INDRAMAYU,Kuning (Utilisasi Sedang 11-50 trx),Mall / Retail / Supermarket,INDRAMAYU,KAB. INDRAMAYU,-6.342445,108.334835,48,761.38,1990734
183,415,SPKLU PLN MARKETING HARVEST CITY,Hijau (Utilisasi Tinggi >50 trx),Perumahan / Township,GUNUNG PUTRI,KAB. BOGOR,-6.406121,106.984169,64,757.35,1961566
184,904,SPKLU PLN PUNCAK PASS RESORT,Hijau (Utilisasi Tinggi >50 trx),Hotel / Hospitality,CIANJUR,KAB. CIANJUR,-6.706646,106.993126,61,751.86,1965977
185,442,SPKLU PLN ULP SUKARAJA,Kuning (Utilisasi Sedang 11-50 trx),Kantor / Unit Layanan PLN,SUKABUMI,KAB. SUKABUMI,-6.917551,106.965165,38,748.77,1957834
186,186,SPKLU PLN ULP HAURGEULIS,Kuning (Utilisasi Sedang 11-50 trx),Kantor / Unit Layanan PLN,INDRAMAYU,KAB. INDRAMAYU,-6.439305,107.946185,40,727.85,1903139
187,1358,SPKLU PLN KCP Mall Karawang MC,Hijau (Utilisasi Tinggi >50 trx),Mall / Retail / Supermarket,KARAWANG,KAB. KARAWANG,-6.327342,107.291973,73,722.21,1852826
188,413,SPKLU PLN RAJA FO CIMACAN,Hijau (Utilisasi Tinggi >50 trx),Lainnya / Campuran,CIANJUR,KAB. CIANJUR,-6.715324,107.026144,66,712.49,1862895
189,208,SPKLU PLN ULP KOSAMBI,Hijau (Utilisasi Tinggi >50 trx),Kantor / Unit Layanan PLN,KARAWANG,KAB. KARAWANG,-6.371418,107.378854,64,698.9,1793027
190,202,SPKLU PLN ULP PRIMA CIBABAT,Kuning (Utilisasi Sedang 11-50 trx),Kantor / Unit Layanan PLN,CIMAHI,KOTA CIMAHI,-6.875741,107.544865,41,696.69,1718612
191,1909,SPKLU PLN Kantor Pemkot Cimahi,Kuning (Utilisasi Sedang 11-50 trx),Publik / Pemerintah / Transportasi,CIMAHI,KOTA CIMAHI,-6.869667,107.555337,33,685.66,1691314
192,198,SPKLU PLN ULP CIBITUNG,Hijau (Utilisasi Tinggi >50 trx),Kantor / Unit Layanan PLN,CIKARANG,KAB. BEKASI,-6.266739,107.130728,64,682.99,1768918
193,161,SPKLU PLN ULP BEKASI KOTA,Hijau (Utilisasi Tinggi >50 trx),Kantor / Unit Layanan PLN,BEKASI,KOTA BEKASI,-6.239109,106.993489,84,677.68,1805314
194,248,SPKLU BALAI KOTA BOGOR,Hijau (Utilisasi Tinggi >50 trx),Publik / Pemerintah / Transportasi,BOGOR,KOTA BOGOR,-6.59499,106.794047,60,658.08,1704536
195,1568,SPKLU PLN ICON PLUS BANDUNG,Hijau (Utilisasi Tinggi >50 trx),Kantor / Unit Layanan PLN,BANDUNG,KAB. BANDUNG,-6.908072,107.631205,53,656.44,1716479
196,210,SPKLU GEDUNG BUDAYA SABILULUNGAN,Hijau (Utilisasi Tinggi >50 trx),Perkantoran / Gedung Komersial,MAJALAYA,KAB. BANDUNG,-7.020754,107.529609,51,645.28,1687335
197,1455,SPKLU PLN TEUAN CAFE & RESTO,Kuning (Utilisasi Sedang 11-50 trx),F&B / Kafe / Leisure Retail,CIMAHI,KAB. BANDUNG BARAT,-6.814667,107.624953,46,642.76,1633081
198,862,SPKLU PLN GRAGE LANAI RESTO,Kuning (Utilisasi Sedang 11-50 trx),F&B / Kafe / Leisure Retail,CIREBON,KAB. KUNINGAN,-6.886438,108.498047,33,642.35,1695393
199,1306,SPKLU PLN Technomart Galuh Mas,Hijau (Utilisasi Tinggi >50 trx),Mall / Retail / Supermarket,KARAWANG,KAB. KARAWANG,-6.328612,107.29332,68,631.09,1619063
200,205,SPKLU PLN ULP CITEUREUP,Hijau (Utilisasi Tinggi >50 trx),Kantor / Unit Layanan PLN,GUNUNG PUTRI,KAB. BOGOR,-6.458986,106.896763,53,630.99,1634340
201,144,SPKLU PLN ULP CIJAWURA,Kuning (Utilisasi Sedang 11-50 trx),Kantor / Unit Layanan PLN,BANDUNG,KOTA BANDUNG,-6.954136,107.640536,42,628.62,1674668
202,377,SPKLU Hotel Emaki Jatinangor,Kuning (Utilisasi Sedang 11-50 trx),Hotel / Hospitality,SUMEDANG,KAB. SUMEDANG,-6.937193,107.759218,36,621.58,1625317
203,1240,SPKLU CIARO NAGREG,Kuning (Utilisasi Sedang 11-50 trx),Lainnya / Campuran,MAJALAYA,KAB. BANDUNG,-7.035922,107.92704,35,604.63,1580940
204,182,SPKLU PLN ULP CIMAHI SELATAN,Kuning (Utilisasi Sedang 11-50 trx),Kantor / Unit Layanan PLN,CIMAHI,KOTA CIMAHI,-6.89858,107.554142,38,585.64,1444583
205,1556,SPKLU PLN GREENLAND BOGOR,Hijau (Utilisasi Tinggi >50 trx),Perumahan / Township,BOGOR,KAB. BOGOR,-6.500639,106.757442,57,584.64,1514314
206,1478,SPKLU PLN SENTRA KIIC,Kuning (Utilisasi Sedang 11-50 trx),Kantor / Unit Layanan PLN,KARAWANG,KAB. KARAWANG,-6.357892,107.282226,31,582.14,1493456
207,222,SPKLU PLN ULP CIPAYUNG,Hijau (Utilisasi Tinggi >50 trx),Kantor / Unit Layanan PLN,BOGOR,KAB. BOGOR,-6.650524,106.89581,100,575.56,1490604
208,810,SPKLU GOLF JATINANGOR,Kuning (Utilisasi Sedang 11-50 trx),Wisata / Leisure,SUMEDANG,KAB. SUMEDANG,-6.91148,107.76274,28,575.01,1503545
209,192,SPKLU PLN ULP KUNINGAN,Kuning (Utilisasi Sedang 11-50 trx),Kantor / Unit Layanan PLN,CIREBON,KAB. KUNINGAN,-6.97758,108.484629,25,572.03,1509835
210,1653,SPKLU PLN PATRA HOTEL AND CONVENTION,Kuning (Utilisasi Sedang 11-50 trx),Hotel / Hospitality,CIREBON,KAB. CIREBON,-6.710243,108.533955,23,560.9,1494253
211,1633,SPKLU PLN ASTAKAIA,Kuning (Utilisasi Sedang 11-50 trx),Kantor / Unit Layanan PLN,MAJALAYA,KAB. BANDUNG,-7.104176,107.453892,26,552.02,1443341
212,1720,SPKLU PLN Grand Inna Samudra Beach Hotel,Kuning (Utilisasi Sedang 11-50 trx),Hotel / Hospitality,SUKABUMI,KAB. SUKABUMI,-6.962856,106.506872,32,547.61,1431831
213,239,SPKLU PLN ULP JATIWANGI,Kuning (Utilisasi Sedang 11-50 trx),Kantor / Unit Layanan PLN,SUMEDANG,KAB. MAJALENGKA,-6.726921,108.271809,32,541.54,1335878
214,1801,SPKLU PLN Pengadilan Negeri Subang,Kuning (Utilisasi Sedang 11-50 trx),Publik / Pemerintah / Transportasi,PURWAKARTA,KAB. SUBANG,-6.559086,107.770159,28,524.31,1422706
215,203,SPKLU PLN ULP CIBINONG,Hijau (Utilisasi Tinggi >50 trx),Kantor / Unit Layanan PLN,DEPOK,KAB. BOGOR,-6.476155,106.863727,56,522.65,1353728
216,173,SPKLU PLN UP3 KARAWANG,Hijau (Utilisasi Tinggi >50 trx),Kantor / Unit Layanan PLN,KARAWANG,KAB. KARAWANG,-6.305559,107.292548,105,502.97,1290302
217,146,SPKLU PLN ULP UJUNGBERUNG,Kuning (Utilisasi Sedang 11-50 trx),Kantor / Unit Layanan PLN,BANDUNG,KOTA BANDUNG,-6.913408,107.694866,43,497.83,1326212
218,1969,SPKLU Hotel Fitra Majalengka,Kuning (Utilisasi Sedang 11-50 trx),Hotel / Hospitality,SUMEDANG,KAB. MAJALENGKA,-6.832486,108.209385,28,493.14,1216433
219,207,SPKLU PLN ULP CIKEDUNG,Kuning (Utilisasi Sedang 11-50 trx),Kantor / Unit Layanan PLN,INDRAMAYU,KAB. INDRAMAYU,-6.406077,108.169036,41,492.74,1288335
220,1931,SPKLU PLN RS AU dr M Hassan Toto,Kuning (Utilisasi Sedang 11-50 trx),Rumah Sakit / Kesehatan,BOGOR,KAB. BOGOR,-6.544656,106.762061,44,490.04,1269285
221,370,SPKLU The Allure Villas Pangandaran,Kuning (Utilisasi Sedang 11-50 trx),Wisata / Leisure,TASIKMALAYA,KAB. PANGANDARAN,-7.684528,108.638362,29,485.52,1317316
222,1535,SPKLU PLN KAJENE FOREST KUNINGAN,Kuning (Utilisasi Sedang 11-50 trx),Wisata / Leisure,CIREBON,KAB. KUNINGAN,-6.972639,108.485448,36,475.71,1255634
223,243,SPKLU PLN ULP LELES,Kuning (Utilisasi Sedang 11-50 trx),Kantor / Unit Layanan PLN,GARUT,KAB. GARUT,-7.10007,107.8984,24,467.26,1210267
224,1483,SPKLU PLN HOTEL LASKA CILETUH PELABUHAN RATU,Kuning (Utilisasi Sedang 11-50 trx),Hotel / Hospitality,SUKABUMI,KOTA SUKABUMI,-7.120745,106.478109,23,451.2,1168665
225,1485,SPKLU PLN KP CISARUA,Hijau (Utilisasi Tinggi >50 trx),Perumahan / Township,BOGOR,KAB. BOGOR,-6.690258,106.942722,57,447.91,1160166
226,185,SPKLU PLN ULP JATIBARANG,Kuning (Utilisasi Sedang 11-50 trx),Kantor / Unit Layanan PLN,INDRAMAYU,KAB. INDRAMAYU,-6.475988,108.303677,44,443.64,1159984
227,172,SPKLU PLN ULP CILIMUS,Kuning (Utilisasi Sedang 11-50 trx),Kantor / Unit Layanan PLN,CIREBON,KAB. KUNINGAN,-6.877373,108.496024,27,438.61,1157659
228,143,SPKLU PLN ULP KOPO,Kuning (Utilisasi Sedang 11-50 trx),Kantor / Unit Layanan PLN,BANDUNG,KOTA BANDUNG,-6.933984,107.57149,39,428.29,1141025
229,1203,SPKLU PLN FAVE HOTEL GARUT,Kuning (Utilisasi Sedang 11-50 trx),Hotel / Hospitality,GARUT,KAB. GARUT,-7.20409,107.8893,31,427.3,1106788
230,1697,SPKLU PLN TRANSMART CIPADUNG,Kuning (Utilisasi Sedang 11-50 trx),Mall / Retail / Supermarket,BANDUNG,KOTA BANDUNG,-6.925675,107.710927,38,427.12,1137803
231,1575,SPKLU PLN HOTEL GREENPEAK CISARUA,Kuning (Utilisasi Sedang 11-50 trx),Hotel / Hospitality,BOGOR,KAB. BOGOR,-6.657776,106.909107,34,423.34,1096475
232,215,SPKLU PLN ULP CIKEMBAR,Kuning (Utilisasi Sedang 11-50 trx),Kantor / Unit Layanan PLN,SUKABUMI,KAB. SUKABUMI,-6.951254,106.769468,35,420.2,1098648
233,1948,SPKLU PLN Forest Hills Hotel Ciwidey,Kuning (Utilisasi Sedang 11-50 trx),Hotel / Hospitality,MAJALAYA,KAB. BANDUNG,-7.054734,107.499595,20,413.21,1080464
234,188,SPKLU PLN ULP MAJALAYA KOTA,Kuning (Utilisasi Sedang 11-50 trx),Kantor / Unit Layanan PLN,MAJALAYA,KAB. BANDUNG,-7.051372,107.761095,24,408.1,1067070
235,170,SPKLU PLN UP3 CIKARANG,Kuning (Utilisasi Sedang 11-50 trx),Kantor / Unit Layanan PLN,CIKARANG,KAB. BEKASI,-6.365536,107.179561,40,406.94,1054017
236,1869,SPKLU PLN PR Bali Resort Bogor,Kuning (Utilisasi Sedang 11-50 trx),Hotel / Hospitality,BOGOR,KAB. BOGOR,-6.537597,106.740143,31,402.8,1043319
237,1479,SPKLU PLN ULP MAJALAYA KOTA,Kuning (Utilisasi Sedang 11-50 trx),Kantor / Unit Layanan PLN,MAJALAYA,KAB. BANDUNG,-7.051372,107.761095,33,387.82,1014049
238,233,SPKLU PLN ULP BANJARAN,Kuning (Utilisasi Sedang 11-50 trx),Kantor / Unit Layanan PLN,MAJALAYA,KAB. BANDUNG,-7.035417,107.593316,27,384.77,1006116
239,1247,SPKLU PLN TRANSMART CIMAHI,Kuning (Utilisasi Sedang 11-50 trx),Mall / Retail / Supermarket,CIMAHI,KOTA CIMAHI,-6.869391,107.53321,25,377.15,930323
240,689,SPKLU EV LOKA WAROENG KEBOENKOE,Kuning (Utilisasi Sedang 11-50 trx),F&B / Kafe / Leisure Retail,GUNUNG PUTRI,KOTA DEPOK,-6.414687,106.899063,29,376.15,965005
241,235,SPKLU PLN POSKO PANGALENGAN,Kuning (Utilisasi Sedang 11-50 trx),Kantor / Unit Layanan PLN,MAJALAYA,KAB. BANDUNG,-7.17627,107.572329,29,375.41,981640
242,216,SPKLU PLN ULP PELABUHAN RATU,Kuning (Utilisasi Sedang 11-50 trx),Kantor / Unit Layanan PLN,SUKABUMI,KAB. SUKABUMI,-6.986948,106.55567,37,365.2,954921
243,219,SPKLU PLN ULP KARANGNUNGGAL,Kuning (Utilisasi Sedang 11-50 trx),Kantor / Unit Layanan PLN,TASIKMALAYA,KAB. TASIKMALAYA,-7.631845,108.132943,26,362.62,983915
244,194,SPKLU PLN ULP BOGOR BARAT,Hijau (Utilisasi Tinggi >50 trx),Kantor / Unit Layanan PLN,BOGOR,KAB. BOGOR,-6.515805,106.756985,57,358.77,929156
245,1656,SPKLU PLN KANTOR IMIGRASI BEKASI,Kuning (Utilisasi Sedang 11-50 trx),Perkantoran / Gedung Komersial,BEKASI,KOTA BEKASI,-6.21952,107.0302,26,358.16,954178
246,175,SPKLU PLN ULP CIREBON KOTA,Kuning (Utilisasi Sedang 11-50 trx),Kantor / Unit Layanan PLN,CIREBON,KOTA CIREBON,-6.721218,108.572124,31,355.58,920954
247,196,SPKLU PLN ULP CIPANAS,Kuning (Utilisasi Sedang 11-50 trx),Kantor / Unit Layanan PLN,CIANJUR,KAB. CIANJUR,-6.734727,107.041681,35,351.89,920081
248,221,SPKLU PLN ULP JASINGA,Kuning (Utilisasi Sedang 11-50 trx),Kantor / Unit Layanan PLN,BOGOR,KAB. BOGOR,-6.520282,106.498591,33,348.57,902850
249,1784,SPKLU PLN POLRES CIANJUR,Kuning (Utilisasi Sedang 11-50 trx),Publik / Pemerintah / Transportasi,CIANJUR,KAB. CIANJUR,-6.836306,107.122259,24,348.05,910087
250,462,SPKLU REST AREA KM 101 B RUAS CIPALI (SC),Kuning (Utilisasi Sedang 11-50 trx),Rest Area Tol,PURWAKARTA,KAB. SUBANG,-6.509102,107.718693,48,345.32,936922
251,1242,SPKLU PLN HOTEL NOVENA,Kuning (Utilisasi Sedang 11-50 trx),Hotel / Hospitality,CIMAHI,KAB. BANDUNG BARAT,-6.840745,107.597386,20,332.08,843727
252,225,SPKLU PLN ULP RAJAPOLAH,Kuning (Utilisasi Sedang 11-50 trx),Kantor / Unit Layanan PLN,TASIKMALAYA,KAB. TASIKMALAYA,-7.227118,108.189993,31,331.64,899864
253,1509,SPKLU PLN ULP RANCAEKEK,Kuning (Utilisasi Sedang 11-50 trx),Kantor / Unit Layanan PLN,MAJALAYA,KAB. BANDUNG,-6.95895,107.76474,24,324.47,848371
254,246,SPKLU PLN ULP PAMEUNGPEUK,Kuning (Utilisasi Sedang 11-50 trx),Kantor / Unit Layanan PLN,GARUT,KAB. GARUT,-7.646552,107.708556,24,318.73,825559
255,1875,SPKLU PLN TERAS TEH POPI,Kuning (Utilisasi Sedang 11-50 trx),F&B / Kafe / Leisure Retail,BOGOR,KOTA BOGOR,-6.542711,106.812466,25,309.88,802603
256,211,SPKLU PLN POSKO NAGREG,Hijau (Utilisasi Tinggi >50 trx),Kantor / Unit Layanan PLN,MAJALAYA,KAB. BANDUNG,-7.016862,107.882256,67,307.71,804576
257,1770,SPKLU PLN Rengganis Campsite,Kuning (Utilisasi Sedang 11-50 trx),Wisata / Leisure,MAJALAYA,KAB. BANDUNG,-7.161417,107.364287,30,307.15,803114
258,1415,SPKLU PLN ULP TANJUNG SARI,Kuning (Utilisasi Sedang 11-50 trx),Kantor / Unit Layanan PLN,SUMEDANG,KAB. SUMEDANG,-6.896327,107.807858,22,293.73,768055
259,1976,SPKLU PABERIK BADJOE,Kuning (Utilisasi Sedang 11-50 trx),Lainnya / Campuran,BANDUNG,KOTA BANDUNG,-6.945709,107.638621,44,293.16,780986
260,1737,SPKLU PLN HOTEL HARPER PURWAKARTA,Kuning (Utilisasi Sedang 11-50 trx),Hotel / Hospitality,PURWAKARTA,KAB. PURWAKARTA,-6.478788,107.481142,20,291.23,739909
261,1714,SPKLU PLN RESORT PRIMA CISARUA,Kuning (Utilisasi Sedang 11-50 trx),Hotel / Hospitality,BOGOR,KAB. BOGOR,-6.702217,106.945356,29,289.0,748559
262,948,SPKLU KOPI NAKO,Kuning (Utilisasi Sedang 11-50 trx),F&B / Kafe / Leisure Retail,CIANJUR,KAB. CIANJUR,-6.81648,107.129972,30,285.0,745328
263,1695,SPKLU PLN HOTEL NEWTON,Kuning (Utilisasi Sedang 11-50 trx),Hotel / Hospitality,BANDUNG,KOTA BANDUNG,-6.914815,107.629944,21,280.55,747429
264,687,SPKLU PLN Horison Tasikmalaya,Kuning (Utilisasi Sedang 11-50 trx),Hotel / Hospitality,TASIKMALAYA,KAB. TASIKMALAYA,-7.326034,108.2164,15,275.65,747926
265,241,SPKLU PEMDA GARUT,Kuning (Utilisasi Sedang 11-50 trx),Publik / Pemerintah / Transportasi,GARUT,KAB. GARUT,-7.21703,107.9016,24,271.48,703172
266,1910,SPKLU PLN Mall Pelayanan Publik Cimahi,Kuning (Utilisasi Sedang 11-50 trx),Mall / Retail / Supermarket,CIMAHI,KOTA CIMAHI,-6.882731,107.561482,20,269.37,664445
267,218,SPKLU PLN ULP SINGAPARNA,Kuning (Utilisasi Sedang 11-50 trx),Kantor / Unit Layanan PLN,TASIKMALAYA,KAB. TASIKMALAYA,-7.346032,108.109545,30,240.99,653809
268,649,SPKLU Dinas Perhubungan Kabupaten Cianjur,Kuning (Utilisasi Sedang 11-50 trx),Publik / Pemerintah / Transportasi,CIANJUR,KAB. CIANJUR,-6.809739,107.149535,49,240.7,629380
269,234,SPKLU PLN POSKO CIWIDEY,Kuning (Utilisasi Sedang 11-50 trx),Kantor / Unit Layanan PLN,MAJALAYA,KAB. BANDUNG,-7.104393,107.465925,26,238.85,624511
270,1026,SPKLU PLN TRANSMART TASIKMALAYA,Kuning (Utilisasi Sedang 11-50 trx),Mall / Retail / Supermarket,TASIKMALAYA,KOTA TASIKMALAYA,-7.317805,108.19934,17,232.36,630449
271,165,SPKLU PLN ULP MEDAN SATRIA,Hijau (Utilisasi Tinggi >50 trx),Kantor / Unit Layanan PLN,BEKASI,KOTA BEKASI,-6.19819,106.97464,83,230.99,615284
272,921,SPKLU PLN HOTEL AMARIS,Kuning (Utilisasi Sedang 11-50 trx),Hotel / Hospitality,TASIKMALAYA,KAB. TASIKMALAYA,-7.34631,108.217408,14,226.33,614170
273,1486,SPKLU PLN UPDL BOGOR,Kuning (Utilisasi Sedang 11-50 trx),Kantor / Unit Layanan PLN,BOGOR,KAB. BOGOR,-6.656255,106.875582,26,224.45,581364
274,232,SPKLU PLN ULP RENGASDENGKLOK,Kuning (Utilisasi Sedang 11-50 trx),Kantor / Unit Layanan PLN,KARAWANG,KAB. KARAWANG,-6.164477,107.29794,20,222.22,570118
275,1445,SPKLU HOTEL SUN IN PANGANDARAN,Kuning (Utilisasi Sedang 11-50 trx),Hotel / Hospitality,TASIKMALAYA,KAB. PANGANDARAN,-7.701111,108.658301,16,221.23,600307
276,396,SPKLU Alun-Alun Kota Bogor,Kuning (Utilisasi Sedang 11-50 trx),Publik / Pemerintah / Transportasi,BOGOR,KOTA BOGOR,-6.593879,106.791952,39,211.07,546715
277,227,SPKLU PLN POSKO CIRANJANG,Kuning (Utilisasi Sedang 11-50 trx),Kantor / Unit Layanan PLN,CIANJUR,KAB. CIANJUR,-6.813704,107.251689,32,194.4,508299
278,1843,SPKLU PLN RSUD Dr Slamet Garut,Kuning (Utilisasi Sedang 11-50 trx),Rumah Sakit / Kesehatan,GARUT,KAB. GARUT,-7.22043,107.8976,14,175.12,453560
279,606,SPKLU (ARISTA POWER) GUDANG EV ARISTA CIKARANG (Khusus EV Milik Grup Arista),Kuning (Utilisasi Sedang 11-50 trx),Dealer / Showroom Mobil,CIKARANG,KAB. BEKASI,-6.257769,107.15464,11,169.2,438255
280,1834,SPKLU PLN HOTEL AUGUSTA,Kuning (Utilisasi Sedang 11-50 trx),Hotel / Hospitality,SUKABUMI,KOTA SUKABUMI,-6.96845,106.51945,11,168.26,435821
281,177,SPKLU PLN ULP SUMBER,Kuning (Utilisasi Sedang 11-50 trx),Kantor / Unit Layanan PLN,CIREBON,KAB. CIREBON,-6.759077,108.480284,15,163.39,435293
282,1688,SPKLU PLN ULP SUKANAGARA,Kuning (Utilisasi Sedang 11-50 trx),Kantor / Unit Layanan PLN,CIANJUR,KAB. CIANJUR,-7.098025,107.132026,12,162.42,424653
283,1865,SPKLU PLN Rindu Alam Story Puncak,Kuning (Utilisasi Sedang 11-50 trx),Wisata / Leisure,CIANJUR,KAB. CIANJUR,-6.712726,107.01203,22,158.61,414760
284,1776,SPKLU PLN Dishub Kota Bekasi,Kuning (Utilisasi Sedang 11-50 trx),Publik / Pemerintah / Transportasi,BEKASI,KOTA BEKASI,-6.230838,106.991201,19,147.07,391768
285,1812,SPKLU PLN 3 BISNIS CENTER KARAWANG,Kuning (Utilisasi Sedang 11-50 trx),Kantor / Unit Layanan PLN,KARAWANG,KAB. KARAWANG,-6.28098,107.286785,15,143.4,367878
286,1561,SPKLU PLN GADOG FARM,Kuning (Utilisasi Sedang 11-50 trx),Wisata / Leisure,BOGOR,KAB. BOGOR,-6.670561,106.891312,13,143.13,370742
287,228,SPKLU PLN ULP PADALARANG,Kuning (Utilisasi Sedang 11-50 trx),Kantor / Unit Layanan PLN,CIMAHI,KAB. BANDUNG BARAT,-6.83831,107.487836,21,141.46,359382
288,142,SPKLU PLN ULP BANDUNG BARAT,Kuning (Utilisasi Sedang 11-50 trx),Kantor / Unit Layanan PLN,BANDUNG,KOTA BANDUNG,-6.908662,107.578872,24,127.08,338598
289,1466,SPKLU PLN RAGEMAN RESTO AND COFFEE,Kuning (Utilisasi Sedang 11-50 trx),F&B / Kafe / Leisure Retail,CIREBON,KAB. KUNINGAN,-6.951782,108.45928,14,125.78,331998
290,2185,SPKLU PLN POSKO SINDANG LAUT,Kuning (Utilisasi Sedang 11-50 trx),Kantor / Unit Layanan PLN,CIREBON,KAB. CIREBON,-6.830496,108.622624,11,125.26,333712
291,245,SPKLU PLN ULP CIKAJANG,Kuning (Utilisasi Sedang 11-50 trx),Kantor / Unit Layanan PLN,GARUT,KAB. GARUT,-7.325914,107.794802,14,123.91,320948
292,1435,SPKLU PLN RM CIBIUK GARUT,Kuning (Utilisasi Sedang 11-50 trx),F&B / Kafe / Leisure Retail,GARUT,KAB. GARUT,-7.17458,107.8911,18,123.64,320252
293,1880,SPKLU PLN DEALER MG SUKABUMI,Merah (Utilisasi Rendah <10 trx),Dealer / Showroom Mobil,SUKABUMI,KOTA SUKABUMI,-6.95598,106.90923,9,117.49,304313
294,176,SPKLU PLN ULP KARAWANG KOTA,Kuning (Utilisasi Sedang 11-50 trx),Kantor / Unit Layanan PLN,KARAWANG,KAB. KARAWANG,-6.307692,107.292746,26,109.28,280375
295,2179,SPKLU PLN PDKB UP3 CIMAHI,Merah (Utilisasi Rendah <10 trx),Kantor / Unit Layanan PLN,CIMAHI,KOTA CIMAHI,-6.867374,107.536615,9,104.27,257217
296,171,SPKLU PLN ULP CILEDUG,Merah (Utilisasi Rendah <10 trx),Kantor / Unit Layanan PLN,CIREBON,KAB. CIREBON,-6.907566,108.749116,5,103.11,274661
297,1482,SPKLU PLN PARADISO SENTUL,Kuning (Utilisasi Sedang 11-50 trx),Wisata / Leisure,BOGOR,KAB. BOGOR,-6.526912,106.847605,24,102.28,264930
298,1739,SPKLU PLN HOTEL SANTIKA TASIKMALAYA,Merah (Utilisasi Rendah <10 trx),Hotel / Hospitality,TASIKMALAYA,KAB. TASIKMALAYA,-7.326161,108.217065,7,101.54,275493
299,2017,SPKLU PLN Mall Pelayanan Publik Kabupaten Sumedang,Merah (Utilisasi Rendah <10 trx),Mall / Retail / Supermarket,SUMEDANG,KAB. SUMEDANG,-6.860387,107.920549,9,97.57,255115
300,197,SPKLU PEMDA CIANJUR,Kuning (Utilisasi Sedang 11-50 trx),Publik / Pemerintah / Transportasi,CIANJUR,KAB. CIANJUR,-6.822256,107.138556,27,97.07,253804
301,190,SPKLU PLN ULP PAGADEN,Merah (Utilisasi Rendah <10 trx),Kantor / Unit Layanan PLN,PURWAKARTA,KAB. SUBANG,-6.460969,107.810765,6,95.85,260088
302,1477,SPKLU PLN POSKO CICALENGKA,Merah (Utilisasi Rendah <10 trx),Kantor / Unit Layanan PLN,MAJALAYA,KAB. BANDUNG,-6.98346,107.83518,5,95.14,248791
303,1740,SPKLU PLN HOTEL ARNAWA PANGANDARAN,Merah (Utilisasi Rendah <10 trx),Hotel / Hospitality,TASIKMALAYA,KAB. PANGANDARAN,-7.693102,108.653557,8,88.17,239245
304,1732,SPKLU PLN TIRTAGANGGA HOTEL GARUT,Merah (Utilisasi Rendah <10 trx),Hotel / Hospitality,GARUT,KAB. GARUT,-7.17816,107.8713,8,87.99,227909
305,2180,SPKLU PLN Posko Cisarua,Merah (Utilisasi Rendah <10 trx),Kantor / Unit Layanan PLN,CIMAHI,KAB. BANDUNG,-6.7977,107.574637,5,86.65,226574
306,2151,SPKLU POLRES KARAWANG,Merah (Utilisasi Rendah <10 trx),Publik / Pemerintah / Transportasi,KARAWANG,KAB. KARAWANG,-6.332562,107.333055,7,82.11,210635
307,201,SPKLU PLN ULP CILILIN,Kuning (Utilisasi Sedang 11-50 trx),Kantor / Unit Layanan PLN,CIMAHI,KAB. BANDUNG BARAT,-6.947899,107.46704,12,80.62,204852
308,1533,SPKLU PLN DISHUB KAB. CIREBON,Kuning (Utilisasi Sedang 11-50 trx),Publik / Pemerintah / Transportasi,CIREBON,KAB. CIREBON,-6.758782,108.481621,11,77.59,206717
309,1857,SPKLU PLN Hotel Grand Cahaya Pangandaran,Merah (Utilisasi Rendah <10 trx),Hotel / Hospitality,TASIKMALAYA,KAB. PANGANDARAN,-7.695052,108.655097,4,73.64,199807
310,1413,SPKLU PLN POSKO WARUNG KONDANG,Merah (Utilisasi Rendah <10 trx),F&B / Kafe / Leisure Retail,CIANJUR,KAB. CIANJUR,-6.870025,107.098276,9,71.88,187956
311,1581,SPKLU PLN OCEAN VIEW,Merah (Utilisasi Rendah <10 trx),Wisata / Leisure,CIANJUR,KAB. CIANJUR,-7.466948,107.169861,7,61.68,161283
312,229,SPKLU PLN ULP RAJAMANDALA,Kuning (Utilisasi Sedang 11-50 trx),Kantor / Unit Layanan PLN,CIMAHI,KAB. BANDUNG BARAT,-6.833078,107.346798,16,60.43,153500
313,1693,SPKLU PLN MESJID ENDAN,Kuning (Utilisasi Sedang 11-50 trx),Publik / Pemerintah / Transportasi,PURWAKARTA,KAB. PURWAKARTA,-6.699598,107.473717,12,59.78,151855
314,2178,SPKLU PLN POSKO CIKIJING,Merah (Utilisasi Rendah <10 trx),Kantor / Unit Layanan PLN,CIREBON,KAB. KUNINGAN,-7.020685,108.391911,5,55.23,145779
315,2224,SPKLU PLN POSKO CIPARAY,Merah (Utilisasi Rendah <10 trx),Kantor / Unit Layanan PLN,MAJALAYA,KAB. BANDUNG,-7.035193,107.712,6,44.27,115759
316,482,SPKLU PLN ULP TANGGEUNG,Merah (Utilisasi Rendah <10 trx),Kantor / Unit Layanan PLN,CIANJUR,KAB. CIANJUR,-7.267615,107.120075,7,42.31,110584
317,1412,SPKLU PLN POSKO CIBEBER,Merah (Utilisasi Rendah <10 trx),Kantor / Unit Layanan PLN,CIANJUR,KAB. CIANJUR,-6.936976,107.12325,8,39.71,103838
318,212,SPKLU PLN ULP PLERED,Merah (Utilisasi Rendah <10 trx),Kantor / Unit Layanan PLN,PURWAKARTA,KAB. PURWAKARTA,-6.638197,107.406718,5,34.66,88037
319,906,SPKLU PLN ISTANA PRESIDEN CIPANAS (Khusus Internal Istana Presiden),Merah (Utilisasi Rendah <10 trx),Publik / Pemerintah / Transportasi,CIANJUR,KAB. CIANJUR,-6.732474,107.040642,2,33.87,88569
320,1534,SPKLU PLN MASJID BAITUL MUMININ CAMPAKA,Merah (Utilisasi Rendah <10 trx),Publik / Pemerintah / Transportasi,CIANJUR,KAB. CIANJUR,-7.016566,107.138514,7,26.55,69427
321,1537,SPKLU PLN RM SAMOLO,Merah (Utilisasi Rendah <10 trx),F&B / Kafe / Leisure Retail,CIANJUR,KAB. CIANJUR,-6.799374,107.200251,7,21.7,56745
322,953,SPKLU CIANJUR ASRI,Merah (Utilisasi Rendah <10 trx),Perumahan / Township,CIANJUR,KAB. CIANJUR,-6.848277,107.127251,9,20.98,54883
323,249,SPKLU POLDA JABAR,Merah (Utilisasi Rendah <10 trx),Publik / Pemerintah / Transportasi,BANDUNG,KOTA BANDUNG,-6.936338,107.704642,2,8.29,22070
324,223,SPKLU ALUN-ALUN SINDANGBARANG,Merah (Utilisasi Rendah <10 trx),Publik / Pemerintah / Transportasi,CIANJUR,KAB. CIANJUR,-7.451419,107.134878,2,7.87,20598
325,2181,SPKLU PLN Posko Citatah,Merah (Utilisasi Rendah <10 trx),Kantor / Unit Layanan PLN,CIMAHI,KAB. BANDUNG,-6.83452,107.426411,3,4.69,12265
326,2205,SPKLU PLN ULP BALEENDAH,Merah (Utilisasi Rendah <10 trx),Kantor / Unit Layanan PLN,MAJALAYA,KAB. BANDUNG,-7.006223,107.625739,2,4.38,11454
327,2170,SPKLU PLN POSKO CIMALAKA,Merah (Utilisasi Rendah <10 trx),Kantor / Unit Layanan PLN,SUMEDANG,KAB. SUMEDANG,-6.815006,107.959884,8,3.03,7926
328,2189,SPKLU PLN Posko Cugenang,Merah (Utilisasi Rendah <10 trx),Kantor / Unit Layanan PLN,CIANJUR,KAB. CIANJUR,-6.799131,107.0789,3,2.57,6722
329,2186,SPKLU  PLN Posko Cikalong Wetan,Merah (Utilisasi Rendah <10 trx),Kantor / Unit Layanan PLN,CIMAHI,KAB. BANDUNG BARAT,-6.740749,107.440882,2,2.39,6074
330,189,SPKLU PLN ULP PURWAKARTA KOTA,Merah (Utilisasi Rendah <10 trx),Kantor / Unit Layanan PLN,PURWAKARTA,KAB. PURWAKARTA,-6.554661,107.445698,10,0.21,539
331,1734,SPKLU PLN ADVENTURE CAMP CIJERUK,Merah (Utilisasi Rendah <10 trx),Rumah Sakit / Kesehatan,BOGOR,KAB. BOGOR,-6.676014,106.784682,9,0.1,288
