code,kecamatan,kab,pop,area_km2,chargers,kw,sites,pln,spklu_trx,kwh,trx,ev_owner,ipm,expend,poverty,density,ev_per100k,chargers_per100k
id3276030,Sukma Jaya,KOTA DEPOK,259067.0,17.417,6,105.0,2,6,2,11027.17,778,52,82.91,16640.0,2.34,14874.408,20.072,2.316
id3215113,Karawang Barat,KAB KARAWANG,125655.0,40.936,11,223.0,5,11,5,8570.6,576,3,72.9,12942.0,7.86,3069.561,2.387,8.754
id3215112,Karawang Timur,KAB KARAWANG,108910.0,29.594,4,91.0,2,4,2,4800.71,272,6,72.9,12942.0,7.86,3680.095,5.509,3.673
id3209171,Gunungjati,KAB CIREBON,74956.0,22.646,0,0.0,0,0,0,0.0,0,2,71.44,11529.0,11.0,3309.93,2.668,0.0
id3204011,Rancabali,KAB BANDUNG,73078.0,148.716,2,44.0,1,2,1,307.15,30,0,74.27,11392.0,6.19,491.392,0.0,2.737
id3215150,Rengasdengklok,KAB KARAWANG,116645.0,41.137,2,29.0,1,2,1,222.22,20,0,72.9,12942.0,7.86,2835.492,0.0,1.715
id3202221,Ciambar,KAB SUKABUMI,35266.0,56.688,0,0.0,0,0,0,0.0,0,1,68.97,9815.0,6.87,622.109,2.836,0.0
id3209010,Waled,KAB CIREBON,44028.0,30.442,0,0.0,0,0,0,0.0,0,0,71.44,11529.0,11.0,1446.272,0.0,0.0
id3211070,Situraja,KAB SUMEDANG,45621.0,56.955,0,0.0,0,0,0,0.0,0,0,73.73,11589.0,9.1,801.006,0.0,0.0
id3209030,Losari,KAB CIREBON,92851.0,46.694,0,0.0,0,0,0,0.0,0,0,71.44,11529.0,11.0,1988.5,0.0,0.0
id3212040,Cikedung,KAB INDRAMAYU,41541.0,113.121,0,0.0,0,0,0,0.0,0,0,69.83,11010.0,11.93,367.225,0.0,0.0
id3210200,Ligung,KAB MAJALENGKA,83268.0,73.588,0,0.0,0,0,0,0.0,0,0,69.74,10842.0,10.82,1131.546,0.0,0.0
id3208130,Kuningan,KAB KUNINGAN,75622.0,29.68,3,84.0,3,3,3,4281.68,184,2,71.26,10418.0,11.88,2547.89,2.645,3.967
id3206150,Cineam,KAB TASIKMALAYA,52822.0,72.337,0,0.0,0,0,0,0.0,0,0,68.36,8965.0,10.23,730.224,0.0,0.0
id3273060,Regol,KOTA BANDUNG,153228.0,4.713,10,580.0,3,6,3,89982.79,3511,14,83.52,18795.0,3.87,32514.7,9.137,6.526
id3204150,Arjasari,KAB BANDUNG,139028.0,64.135,2,29.0,1,2,1,384.77,27,1,74.27,11392.0,6.19,2167.747,0.719,1.439
id3208060,Ciwaru,KAB KUNINGAN,33128.0,51.7,0,0.0,0,0,0,0.0,0,0,71.26,10418.0,11.88,640.768,0.0,0.0
id3207190,Rajadesa,KAB CIAMIS,49599.0,61.656,0,0.0,0,0,0,0.0,0,0,72.56,10085.0,7.39,804.442,0.0,0.0
id3204140,Baleendah,KAB BANDUNG,155956.0,40.289,4,58.0,3,4,2,1187.88,78,4,74.27,11392.0,6.19,3870.95,2.565,2.565
id3210140,Jatiwangi,KAB MAJALENGKA,76506.0,40.442,17,2164.0,3,17,4,62412.76,2389,0,69.74,10842.0,10.82,1891.761,0.0,22.22
id3215040,Klari,KAB KARAWANG,181736.0,73.658,7,460.0,2,7,2,41963.36,1875,2,72.9,12942.0,7.86,2467.29,1.1,3.852
id3213191,Sukasari,KAB SUBANG,36338.0,56.698,0,0.0,0,0,0,0.0,0,0,71.36,11894.0,9.49,640.904,0.0,0.0
id3210060,Maja,KAB MAJALENGKA,36077.0,62.809,0,0.0,0,0,0,0.0,0,0,69.74,10842.0,10.82,574.391,0.0,0.0
id3212210,Anjatan,KAB INDRAMAYU,65012.0,84.545,0,0.0,0,0,0,0.0,0,0,69.83,11010.0,11.93,768.964,0.0,0.0
id3214040,Plered,KAB PURWAKARTA,52784.0,31.009,0,0.0,0,0,0,0.0,0,1,72.65,13099.0,8.41,1702.215,1.895,0.0
id3201161,Tanjungsari,KAB BOGOR,120533.0,151.438,0,0.0,0,0,0,0.0,0,0,72.39,11563.0,7.05,795.923,0.0,0.0
id3273141,Antapani,KOTA BANDUNG,102898.0,4.189,0,0.0,0,0,0,0.0,0,17,83.52,18795.0,3.87,24564.171,16.521,0.0
id3212171,Arahan,KAB INDRAMAYU,37461.0,34.071,0,0.0,0,0,0,0.0,0,0,69.83,11010.0,11.93,1099.49,0.0,0.0
id3275040,Bekasi Timur,KOTA BEKASI,236234.0,14.813,10,876.0,3,4,4,150777.96,6624,30,83.54,16775.0,4.01,15947.717,12.699,4.233
id3210050,Argapura,KAB MAJALENGKA,28456.0,82.178,0,0.0,0,0,0,0.0,0,0,69.74,10842.0,10.82,346.273,0.0,0.0
id3201270,Cigudeg,KAB BOGOR,131356.0,178.764,2,29.0,1,2,1,348.57,33,1,72.39,11563.0,7.05,734.799,0.761,1.523
id3210040,Talaga,KAB MAJALENGKA,38948.0,42.879,0,0.0,0,0,0,0.0,0,0,69.74,10842.0,10.82,908.315,0.0,0.0
id3278050,Cihideung,KOTA TASIKMALAYA,36917.0,5.394,3,66.0,3,3,3,603.52,36,1,75.04,11431.0,11.1,6843.874,2.709,8.126
id3274010,Harjamukti,KOTA CIREBON,176251.0,17.808,0,0.0,0,0,0,0.0,0,1,77.08,12869.0,9.02,9897.23,0.567,0.0
id3206210,Leuwisari,KAB TASIKMALAYA,34208.0,30.116,0,0.0,0,0,0,0.0,0,0,68.36,8965.0,10.23,1135.888,0.0,0.0
id3212221,Patrol,KAB INDRAMAYU,43989.0,42.804,0,0.0,0,0,0,0.0,0,1,69.83,11010.0,11.93,1027.689,2.273,0.0
id3209200,Arjawinangun,KAB CIREBON,63606.0,24.772,0,0.0,0,0,0,0.0,0,0,71.44,11529.0,11.0,2567.649,0.0,0.0
id3273190,Cicendo,KOTA BANDUNG,156475.0,7.73,4,96.0,2,4,2,8468.43,440,10,83.52,18795.0,3.87,20242.809,6.391,2.556
id3209060,Lemahabang,KAB CIREBON,48575.0,22.607,1,7.0,1,1,1,125.26,11,0,71.44,11529.0,11.0,2148.628,0.0,2.059
id3209080,Astanajapura,KAB CIREBON,61130.0,26.454,0,0.0,0,0,0,0.0,0,0,71.44,11529.0,11.0,2310.804,0.0,0.0
id3209081,Pangenan,KAB CIREBON,64440.0,36.412,0,0.0,0,0,0,0.0,0,0,71.44,11529.0,11.0,1769.739,0.0,0.0
id3209161,Tengah Tani,KAB CIREBON,39186.0,10.955,0,0.0,0,0,0,0.0,0,1,71.44,11529.0,11.0,3577.074,2.552,0.0
id3201230,Kemang,KAB BOGOR,160258.0,33.897,6,155.0,5,5,5,19314.55,970,7,72.39,11563.0,7.05,4727.84,4.368,3.744
id3205060,Cikelet,KAB GARUT,69335.0,177.386,0,0.0,0,0,0,0.0,0,0,68.79,9168.0,9.68,390.871,0.0,0.0
id3211170,Tanjungkerta,KAB SUMEDANG,41838.0,44.04,0,0.0,0,0,0,0.0,0,0,73.73,11589.0,9.1,949.998,0.0,0.0
id3207281,Lumbung,KAB CIAMIS,22053.0,27.623,0,0.0,0,0,0,0.0,0,0,72.56,10085.0,7.39,798.37,0.0,0.0
id3278030,Cibeureum,KOTA TASIKMALAYA,69246.0,18.272,0,0.0,0,0,0,0.0,0,0,75.04,11431.0,11.1,3789.715,0.0,0.0
id3212160,Sindang,KAB INDRAMAYU,44488.0,36.891,0,0.0,0,0,0,0.0,0,1,69.83,11010.0,11.93,1205.916,2.248,0.0
id3210190,Jatitujuh,KAB MAJALENGKA,61376.0,86.693,0,0.0,0,0,0,0.0,0,0,69.74,10842.0,10.82,707.97,0.0,0.0
id3201060,Dramaga,KAB BOGOR,107514.0,25.771,0,0.0,0,0,0,0.0,0,4,72.39,11563.0,7.05,4171.867,3.72,0.0
id3201241,Ciseeng,KAB BOGOR,136803.0,40.317,0,0.0,0,0,0,0.0,0,2,72.39,11563.0,7.05,3393.209,1.462,0.0
id3201290,Tenjo,KAB BOGOR,292086.0,82.52,0,0.0,0,0,0,0.0,0,0,72.39,11563.0,7.05,3539.571,0.0,0.0
id3202200,Cisaat,KAB SUKABUMI,90252.0,23.355,0,0.0,0,0,0,0.0,0,1,68.97,9815.0,6.87,3864.381,1.108,0.0
id3204130,Ciparay,KAB BANDUNG,143126.0,54.499,2,14.0,1,2,1,44.27,6,1,74.27,11392.0,6.19,2626.212,0.699,1.397
id3209040,Babakan,KAB CIREBON,47729.0,22.507,0,0.0,0,0,0,0.0,0,1,71.44,11529.0,11.0,2120.647,2.095,0.0
id3209120,Sumber,KAB CIREBON,96875.0,26.999,3,51.0,2,3,2,240.98,26,2,71.44,11529.0,11.0,3588.039,2.065,3.097
id3209210,Ciwaringin,KAB CIREBON,49223.0,18.193,0,0.0,0,0,0,0.0,0,0,71.44,11529.0,11.0,2705.626,0.0,0.0
id3210180,Kertajati,KAB MAJALENGKA,79216.0,198.232,2,44.0,1,2,1,840.64,46,0,69.74,10842.0,10.82,399.614,0.0,2.525
id3214080,Wanayasa,KAB PURWAKARTA,34588.0,56.149,0,0.0,0,0,0,0.0,0,0,72.65,13099.0,8.41,616.004,0.0,0.0
id3218070,Pangandaran,KAB PANGANDARAN,53705.0,79.494,8,164.0,6,8,6,3571.23,222,0,69.85,9654.0,8.75,675.589,0.0,14.896
id3271040,Bogor Tengah,KOTA BOGOR,91974.0,8.052,12,430.0,8,10,6,40076.62,1920,12,78.52,13154.0,6.53,11422.485,13.047,13.047
id3272012,Cibeureum,KOTA SUKABUMI,34653.0,9.244,0,0.0,0,0,0,0.0,0,2,76.85,12252.0,7.2,3748.871,5.772,0.0
id3273020,Babakan Ciparay,KOTA BANDUNG,175664.0,7.023,0,0.0,0,0,0,0.0,0,14,83.52,18795.0,3.87,25011.289,7.97,0.0
id3210170,Kadipaten,KAB MAJALENGKA,31640.0,22.63,1,7.0,1,1,0,0.0,0,1,69.74,10842.0,10.82,1398.142,3.161,3.161
id3211140,Conggeang,KAB SUMEDANG,42131.0,109.823,0,0.0,0,0,0,0.0,0,0,73.73,11589.0,9.1,383.627,0.0,0.0
id3273030,Bojongloa Kaler,KOTA BANDUNG,103336.0,3.093,0,0.0,0,0,0,0.0,0,3,83.52,18795.0,3.87,33404.663,2.903,0.0
id3273170,Sumur Bandung,KOTA BANDUNG,75521.0,3.461,6,298.0,3,6,3,42689.16,1786,2,83.52,18795.0,3.87,21822.47,2.648,7.945
id3210070,Majalengka,KAB MAJALENGKA,64779.0,64.878,2,44.0,2,2,2,1468.62,89,2,69.74,10842.0,10.82,998.476,3.087,3.087
id3209031,Pabedilan,KAB CIREBON,57015.0,24.882,0,0.0,0,0,0,0.0,0,0,71.44,11529.0,11.0,2291.44,0.0,0.0
id3201140,Babakan Madang,KAB BOGOR,197161.0,92.761,5,306.0,3,3,3,44353.77,1885,57,72.39,11563.0,7.05,2125.463,28.91,2.536
id3210090,Sukahaji,KAB MAJALENGKA,38676.0,29.548,0,0.0,0,0,0,0.0,0,0,69.74,10842.0,10.82,1308.941,0.0,0.0
id3202220,Nagrak,KAB SUKABUMI,80386.0,69.111,0,0.0,0,0,0,0.0,0,0,68.97,9815.0,6.87,1163.142,0.0,0.0
id3202240,Cidahu,KAB SUKABUMI,42447.0,34.973,0,0.0,0,0,0,0.0,0,2,68.97,9815.0,6.87,1213.696,4.712,0.0
id3273121,Cinambo,KOTA BANDUNG,68590.0,4.223,0,0.0,0,0,0,0.0,0,2,83.52,18795.0,3.87,16240.35,2.916,0.0
id3201160,Cariu,KAB BOGOR,97441.0,85.759,0,0.0,0,0,0,0.0,0,0,72.39,11563.0,7.05,1136.219,0.0,0.0
id3201021,Leuwisadeng,KAB BOGOR,65171.0,34.373,0,0.0,0,0,0,0.0,0,0,72.39,11563.0,7.05,1895.982,0.0,0.0
id3273150,Kiaracondong,KOTA BANDUNG,139000.0,5.756,0,0.0,0,0,0,0.0,0,4,83.52,18795.0,3.87,24150.68,2.878,0.0
id3203190,Karangtengah,KAB CIANJUR,101272.0,48.314,1,22.0,1,1,1,21.7,7,2,67.24,9026.0,10.14,2096.111,1.975,0.987
id3214101,Babakancikao,KAB PURWAKARTA,74051.0,48.192,7,244.0,2,7,2,24812.93,1428,4,72.65,13099.0,8.41,1536.568,5.402,9.453
id3208171,Cigandamekar,KAB KUNINGAN,29209.0,22.869,1,22.0,1,1,1,642.35,33,0,71.26,10418.0,11.88,1277.242,0.0,3.424
id3202260,Parung Kuda,KAB SUKABUMI,37541.0,25.241,0,0.0,0,0,0,0.0,0,1,68.97,9815.0,6.87,1487.285,2.664,0.0
id3212030,Gabuswetan,KAB INDRAMAYU,63807.0,79.275,0,0.0,0,0,0,0.0,0,0,69.83,11010.0,11.93,804.887,0.0,0.0
id3210100,Rajagaluh,KAB MAJALENGKA,39818.0,37.184,0,0.0,0,0,0,0.0,0,0,69.74,10842.0,10.82,1070.851,0.0,0.0
id3203200,Cianjur,KAB CIANJUR,88221.0,26.539,6,160.0,5,5,5,10509.23,535,5,67.24,9026.0,10.14,3324.192,5.668,6.801
id3205212,Pangatikan,KAB GARUT,30488.0,21.65,0,0.0,0,0,0,0.0,0,0,68.79,9168.0,9.68,1408.227,0.0,0.0
id3208140,Cigugur,KAB KUNINGAN,39117.0,35.684,3,164.0,2,3,2,3068.4,124,0,71.26,10418.0,11.88,1096.209,0.0,7.669
id3208160,Jalaksana,KAB KUNINGAN,42247.0,39.73,0,0.0,0,0,0,0.0,0,0,71.26,10418.0,11.88,1063.345,0.0,0.0
id3204100,Cicalengka,KAB BANDUNG,112848.0,43.742,1,22.0,1,1,1,95.14,5,0,74.27,11392.0,6.19,2579.855,0.0,0.886
id3208121,Sindangagung,KAB KUNINGAN,33495.0,13.288,0,0.0,0,0,0,0.0,0,0,71.26,10418.0,11.88,2520.718,0.0,0.0
id3203150,Sukaluyu,KAB CIANJUR,69733.0,46.624,0,0.0,0,0,0,0.0,0,0,67.24,9026.0,10.14,1495.661,0.0,0.0
id3210020,Bantarujeg,KAB MAJALENGKA,36464.0,66.77,0,0.0,0,0,0,0.0,0,0,69.74,10842.0,10.82,546.11,0.0,0.0
id3208020,Kadugede,KAB KUNINGAN,23872.0,18.598,0,0.0,0,0,0,0.0,0,0,71.26,10418.0,11.88,1283.552,0.0,0.0
id3216090,Babelan,KAB BEKASI,262620.0,66.397,5,68.0,1,5,1,3514.43,223,10,76.44,12500.0,4.8,3955.29,3.808,1.904
id3208040,Selajambe,KAB KUNINGAN,17560.0,35.514,0,0.0,0,0,0,0.0,0,0,71.26,10418.0,11.88,494.456,0.0,0.0
id3205230,Banyuresmi,KAB GARUT,88959.0,48.488,0,0.0,0,0,0,0.0,0,0,68.79,9168.0,9.68,1834.677,0.0,0.0
id3211050,Sumedang Selatan,KAB SUMEDANG,69902.0,97.459,2,44.0,2,2,2,866.1,54,0,73.73,11589.0,9.1,717.243,0.0,2.861
id3210030,Cikijing,KAB MAJALENGKA,40934.0,38.751,0,0.0,0,0,0,0.0,0,1,69.74,10842.0,10.82,1056.338,2.443,0.0
id3201280,Jasinga,KAB BOGOR,131975.0,140.139,0,0.0,0,0,0,0.0,0,0,72.39,11563.0,7.05,941.742,0.0,0.0
id3218080,Kalipucang,KAB PANGANDARAN,56196.0,100.504,0,0.0,0,0,0,0.0,0,0,69.85,9654.0,8.75,559.142,0.0,0.0
id3207290,Panjalu,KAB CIAMIS,38400.0,75.127,0,0.0,0,0,0,0.0,0,0,72.56,10085.0,7.39,511.137,0.0,0.0
id3208010,Darma,KAB KUNINGAN,42571.0,55.001,1,7.0,1,1,1,55.23,5,0,71.26,10418.0,11.88,774.011,0.0,2.349
id3209191,Jamblang,KAB CIREBON,34766.0,16.902,0,0.0,0,0,0,0.0,0,0,71.44,11529.0,11.0,2056.872,0.0,0.0
id3209121,Dukupuntang,KAB CIREBON,70748.0,38.549,0,0.0,0,0,0,0.0,0,0,71.44,11529.0,11.0,1835.274,0.0,0.0
id3210110,Sindangwangi,KAB MAJALENGKA,40563.0,42.777,0,0.0,0,0,0,0.0,0,0,69.74,10842.0,10.82,948.245,0.0,0.0
id3213100,Pabuaran,KAB SUBANG,75018.0,74.561,0,0.0,0,0,0,0.0,0,0,71.36,11894.0,9.49,1006.131,0.0,0.0
id3203040,Naringgul,KAB CIANJUR,56663.0,284.997,0,0.0,0,0,0,0.0,0,0,67.24,9026.0,10.14,198.82,0.0,0.0
id3201170,Jonggol,KAB BOGOR,289234.0,135.406,3,36.0,1,3,1,1445.12,119,7,72.39,11563.0,7.05,2136.054,2.42,1.037
id3202050,Kali Bunder,KAB SUKABUMI,47672.0,89.13,0,0.0,0,0,0,0.0,0,0,68.97,9815.0,6.87,534.861,0.0,0.0
id3212011,Gantar,KAB INDRAMAYU,76659.0,172.559,7,434.0,2,7,2,25810.82,1224,0,69.83,11010.0,11.93,444.249,0.0,9.131
id3209130,Palimanan,KAB CIREBON,54322.0,19.003,0,0.0,0,0,0,0.0,0,0,71.44,11529.0,11.0,2858.632,0.0,0.0
id3205160,Cisurupan,KAB GARUT,133552.0,91.844,2,29.0,1,2,1,123.91,14,0,68.79,9168.0,9.68,1454.124,0.0,1.498
id3210150,Dawuan,KAB MAJALENGKA,43076.0,32.103,0,0.0,0,0,0,0.0,0,1,69.74,10842.0,10.82,1341.824,2.321,0.0
id3213141,Pagaden Barat,KAB SUBANG,37230.0,50.202,0,0.0,0,0,0,0.0,0,1,71.36,11894.0,9.49,741.606,2.686,0.0
id3279010,Banjar,KOTA BANJAR,59303.0,27.411,3,237.0,1,3,1,6003.91,266,0,73.64,11811.0,5.85,2163.457,0.0,5.059
id3212140,Balongan,KAB INDRAMAYU,47470.0,34.977,0,0.0,0,0,0,0.0,0,0,69.83,11010.0,11.93,1357.193,0.0,0.0
id3215070,Jatisari,KAB KARAWANG,64887.0,55.692,0,0.0,0,0,0,0.0,0,0,72.9,12942.0,7.86,1165.103,0.0,0.0
id3215120,Rawamerta,KAB KARAWANG,58650.0,51.44,0,0.0,0,0,0,0.0,0,0,72.9,12942.0,7.86,1140.157,0.0,0.0
id3271050,Bogor Barat,KOTA BOGOR,245512.0,22.927,0,0.0,0,0,0,0.0,0,57,78.52,13154.0,6.53,10708.226,23.217,0.0
id3204161,Cangkuang,KAB BANDUNG,76186.0,23.341,0,0.0,0,0,0,0.0,0,3,74.27,11392.0,6.19,3264.028,3.938,0.0
id3209090,Mundu,KAB CIREBON,74638.0,27.944,7,475.0,2,7,2,34546.34,1307,0,71.44,11529.0,11.0,2671.0,0.0,9.379
id3208170,Cilimus,KAB KUNINGAN,51316.0,35.495,4,73.0,2,4,2,1877.44,98,1,71.26,10418.0,11.88,1445.715,1.949,7.795
id3202060,Tegal Buleud,KAB SUKABUMI,63692.0,257.693,0,0.0,0,0,0,0.0,0,0,68.97,9815.0,6.87,247.162,0.0,0.0
id3202230,Cicurug,KAB SUKABUMI,83158.0,52.747,2,29.0,1,2,1,1015.87,85,3,68.97,9815.0,6.87,1576.531,3.608,2.405
id3203131,Gekbrong,KAB CIANJUR,43695.0,50.199,0,0.0,0,0,0,0.0,0,0,67.24,9026.0,10.14,870.432,0.0,0.0
id3207250,Cipaku,KAB CIAMIS,74692.0,77.64,0,0.0,0,0,0,0.0,0,0,72.56,10085.0,7.39,962.031,0.0,0.0
id3210010,Lemahsugih,KAB MAJALENGKA,62910.0,83.363,0,0.0,0,0,0,0.0,0,0,69.74,10842.0,10.82,754.653,0.0,0.0
id3213080,Kalijati,KAB SUBANG,85788.0,97.094,3,322.0,2,3,2,25058.7,944,2,71.36,11894.0,9.49,883.553,2.331,3.497
id3212070,Widasari,KAB INDRAMAYU,34078.0,40.551,0,0.0,0,0,0,0.0,0,0,69.83,11010.0,11.93,840.367,0.0,0.0
id3209190,Klangenan,KAB CIREBON,42063.0,20.242,0,0.0,0,0,0,0.0,0,0,71.44,11529.0,11.0,2078.036,0.0,0.0
id3212060,Bangodua,KAB INDRAMAYU,31335.0,47.383,0,0.0,0,0,0,0.0,0,0,69.83,11010.0,11.93,661.317,0.0,0.0
id3207160,Cisaga,KAB CIAMIS,53939.0,78.219,0,0.0,0,0,0,0.0,0,0,72.56,10085.0,7.39,689.588,0.0,0.0
id3207270,Panawangan,KAB CIAMIS,57924.0,82.964,0,0.0,0,0,0,0.0,0,0,72.56,10085.0,7.39,698.186,0.0,0.0
id3208050,Subang,KAB KUNINGAN,20772.0,47.902,0,0.0,0,0,0,0.0,0,0,71.26,10418.0,11.88,433.634,0.0,0.0
id3218040,Langkaplancar,KAB PANGANDARAN,55598.0,201.071,0,0.0,0,0,0,0.0,0,0,69.85,9654.0,8.75,276.509,0.0,0.0
id3207120,Pamarican,KAB CIAMIS,59611.0,122.287,0,0.0,0,0,0,0.0,0,0,72.56,10085.0,7.39,487.468,0.0,0.0
id3201100,Ciawi,KAB BOGOR,123493.0,47.364,3,300.0,2,0,2,41669.46,1981,2,72.39,11563.0,7.05,2607.327,1.62,2.429
id3204160,Banjaran,KAB BANDUNG,117893.0,39.115,0,0.0,0,0,0,0.0,0,1,74.27,11392.0,6.19,3014.003,0.848,0.0
id3210041,Banjaran,KAB MAJALENGKA,22763.0,33.503,0,0.0,0,0,0,0.0,0,0,69.74,10842.0,10.82,679.436,0.0,0.0
id3210210,Sumberjaya,KAB MAJALENGKA,62248.0,37.185,0,0.0,0,0,0,0.0,0,1,69.74,10842.0,10.82,1673.996,1.606,0.0
id3207300,Panumbangan,KAB CIAMIS,40429.0,58.258,0,0.0,0,0,0,0.0,0,0,72.56,10085.0,7.39,693.963,0.0,0.0
id3207101,Banjaranyar,KAB CIAMIS,45191.0,110.74,0,0.0,0,0,0,0.0,0,0,72.56,10085.0,7.39,408.081,0.0,0.0
id3202081,Cidadap,KAB SUKABUMI,30675.0,82.866,0,0.0,0,0,0,0.0,0,0,68.97,9815.0,6.87,370.176,0.0,0.0
id3204040,Pangalengan,KAB BANDUNG,173892.0,220.614,1,22.0,1,1,1,375.41,29,0,74.27,11392.0,6.19,788.219,0.0,0.575
id3205150,Bayongbong,KAB GARUT,94405.0,45.691,0,0.0,0,0,0,0.0,0,0,68.79,9168.0,9.68,2066.155,0.0,0.0
id3206271,Sukaresik,KAB TASIKMALAYA,29640.0,16.659,0,0.0,0,0,0,0.0,0,0,68.36,8965.0,10.23,1779.172,0.0,0.0
id3207100,Banjarsari,KAB CIAMIS,53267.0,56.868,0,0.0,0,0,0,0.0,0,0,72.56,10085.0,7.39,936.674,0.0,0.0
id3211101,Jatinunggal,KAB SUMEDANG,56486.0,64.408,0,0.0,0,0,0,0.0,0,1,73.73,11589.0,9.1,877.006,1.77,0.0
id3216120,Sukatani,KAB BEKASI,104149.0,38.391,0,0.0,0,0,0,0.0,0,0,76.44,12500.0,4.8,2712.878,0.0,0.0
id3205130,Banjarwangi,KAB GARUT,78699.0,123.921,0,0.0,0,0,0,0.0,0,0,68.79,9168.0,9.68,635.073,0.0,0.0
id3206140,Salopa,KAB TASIKMALAYA,46727.0,104.262,0,0.0,0,0,0,0.0,0,0,68.36,8965.0,10.23,448.17,0.0,0.0
id3202130,Jampang Tengah,KAB SUKABUMI,77547.0,188.322,0,0.0,0,0,0,0.0,0,1,68.97,9815.0,6.87,411.779,1.29,0.0
id3201181,Kelapa Nunggal,KAB BOGOR,171524.0,95.897,0,0.0,0,0,0,0.0,0,3,72.39,11563.0,7.05,1788.631,1.749,0.0
id3201010,Nanggung,KAB BOGOR,109879.0,157.994,0,0.0,0,0,0,0.0,0,0,72.39,11563.0,7.05,695.464,0.0,0.0
id3201231,Ranca Bungur,KAB BOGOR,60168.0,22.948,1,22.0,1,1,1,402.8,31,1,72.39,11563.0,7.05,2621.958,1.662,1.662
id3207111,Purwadadi,KAB CIAMIS,43907.0,51.696,0,0.0,0,0,0,0.0,0,0,72.56,10085.0,7.39,849.334,0.0,0.0
id3202121,Bantargadung,KAB SUKABUMI,32044.0,76.662,0,0.0,0,0,0,0.0,0,0,68.97,9815.0,6.87,417.99,0.0,0.0
id3275030,Bantargebang,KOTA BEKASI,175937.0,19.109,0,0.0,0,0,0,0.0,0,3,83.54,16775.0,4.01,9206.871,1.705,0.0
id3271030,Bogor Utara,KOTA BOGOR,205718.0,18.761,11,883.0,6,3,6,176561.57,7150,47,78.52,13154.0,6.53,10965.337,22.847,5.347
id3216130,Pebayuran,KAB BEKASI,140868.0,95.54,0,0.0,0,0,0,0.0,0,0,76.44,12500.0,4.8,1474.434,0.0,0.0
id3202120,Warung Kiara,KAB SUKABUMI,57728.0,95.199,0,0.0,0,0,0,0.0,0,0,68.97,9815.0,6.87,606.394,0.0,0.0
id3206010,Cipatujah,KAB TASIKMALAYA,99329.0,239.696,0,0.0,0,0,0,0.0,0,0,68.36,8965.0,10.23,414.395,0.0,0.0
id3211161,Cisarua,KAB SUMEDANG,18779.0,14.542,0,0.0,0,0,0,0.0,0,0,73.73,11589.0,9.1,1291.381,0.0,0.0
id3208070,Cibingbin,KAB KUNINGAN,53411.0,68.704,0,0.0,0,0,0,0.0,0,0,71.26,10418.0,11.88,777.409,0.0,0.0
id3202090,Pabuaran,KAB SUKABUMI,52077.0,115.773,0,0.0,0,0,0,0.0,0,0,68.97,9815.0,6.87,449.822,0.0,0.0
id3213050,Cijambe,KAB SUBANG,38763.0,97.906,0,0.0,0,0,0,0.0,0,0,71.36,11894.0,9.49,395.921,0.0,0.0
id3278071,Bungursari,KOTA TASIKMALAYA,68600.0,17.152,2,44.0,1,2,1,232.36,17,0,75.04,11431.0,11.1,3999.485,0.0,2.915
id3210160,Panyingkiran,KAB MAJALENGKA,31929.0,22.137,0,0.0,0,0,0,0.0,0,0,69.74,10842.0,10.82,1442.363,0.0,0.0
id3206100,Taraju,KAB TASIKMALAYA,44969.0,64.712,0,0.0,0,0,0,0.0,0,0,68.36,8965.0,10.23,694.906,0.0,0.0
id3215071,Banyusari,KAB KARAWANG,56337.0,56.115,0,0.0,0,0,0,0.0,0,0,72.9,12942.0,7.86,1003.951,0.0,0.0
id3202031,Cibitung,KAB SUKABUMI,26066.0,88.1,0,0.0,0,0,0,0.0,0,0,68.97,9815.0,6.87,295.867,0.0,0.0
id3206231,Sukahening,KAB TASIKMALAYA,27831.0,30.515,0,0.0,0,0,0,0.0,0,1,68.36,8965.0,10.23,912.03,3.593,0.0
id3211031,Sukasari,KAB SUMEDANG,35355.0,39.028,0,0.0,0,0,0,0.0,0,0,73.73,11589.0,9.1,905.891,0.0,0.0
id3204180,Katapang,KAB BANDUNG,88368.0,15.899,0,0.0,0,0,0,0.0,0,4,74.27,11392.0,6.19,5558.03,4.527,0.0
id3210021,Malausma,KAB MAJALENGKA,39554.0,46.533,0,0.0,0,0,0,0.0,0,0,69.74,10842.0,10.82,850.018,0.0,0.0
id3217060,Cipongkor,KAB BANDUNG BARAT,106328.0,78.819,1,7.0,1,1,0,0.0,0,0,70.03,9583.0,10.49,1349.02,0.0,0.94
id3271020,Bogor Timur,KOTA BOGOR,100947.0,10.674,0,0.0,0,0,0,0.0,0,28,78.52,13154.0,6.53,9457.237,27.737,0.0
id3207110,Lakbok,KAB CIAMIS,84596.0,59.059,0,0.0,0,0,0,0.0,0,0,72.56,10085.0,7.39,1432.405,0.0,0.0
id3207211,Baregbeg,KAB CIAMIS,37583.0,37.08,0,0.0,0,0,0,0.0,0,0,72.56,10085.0,7.39,1013.558,0.0,0.0
id3201020,Leuwiliang,KAB BOGOR,140227.0,94.497,0,0.0,0,0,0,0.0,0,2,72.39,11563.0,7.05,1483.929,1.426,0.0
id3210080,Cigasong,KAB MAJALENGKA,36669.0,31.817,0,0.0,0,0,0,0.0,0,0,69.74,10842.0,10.82,1152.505,0.0,0.0
id3272010,Baros,KOTA SUKABUMI,44488.0,5.545,0,0.0,0,0,0,0.0,0,1,76.85,12252.0,7.2,8023.43,2.248,0.0
id3277020,Cimahi Tengah,KOTA CIMAHI,185057.0,10.867,7,147.0,4,7,4,8306.32,423,5,80.08,13278.0,4.39,17028.889,2.702,3.783
id3205310,Malangbong,KAB GARUT,130733.0,106.958,3,209.0,1,3,1,3241.02,168,0,68.79,9168.0,9.68,1222.28,0.0,2.295
id3206061,Parungponteng,KAB TASIKMALAYA,45464.0,49.335,0,0.0,0,0,0,0.0,0,0,68.36,8965.0,10.23,921.53,0.0,0.0
id3205171,Pasirwangi,KAB GARUT,72644.0,53.883,0,0.0,0,0,0,0.0,0,0,68.79,9168.0,9.68,1348.187,0.0,0.0
id3205151,Cigedug,KAB GARUT,44348.0,32.152,0,0.0,0,0,0,0.0,0,0,68.79,9168.0,9.68,1379.336,0.0,0.0
id3201110,Cisarua,KAB BOGOR,205614.0,78.936,6,132.0,6,6,5,2912.34,246,0,72.39,11563.0,7.05,2604.827,0.0,2.918
id3217070,Batujajar,KAB BANDUNG BARAT,63822.0,28.288,0,0.0,0,0,0,0.0,0,1,70.03,9583.0,10.49,2256.16,1.567,0.0
id3215190,Batujaya,KAB KARAWANG,88620.0,75.966,0,0.0,0,0,0,0.0,0,0,72.9,12942.0,7.86,1166.567,0.0,0.0
id3218020,Cijulang,KAB PANGANDARAN,33907.0,92.561,0,0.0,0,0,0,0.0,0,0,69.85,9654.0,8.75,366.32,0.0,0.0
id3203050,Cibinong,KAB CIANJUR,102061.0,239.303,0,0.0,0,0,0,0.0,0,0,67.24,9026.0,10.14,426.493,0.0,0.0
id3203221,Cipanas,KAB CIANJUR,97785.0,65.344,11,476.0,7,9,7,21034.54,990,2,67.24,9026.0,10.14,1496.455,2.045,11.249
id3279030,Pataruman,KOTA BANJAR,45728.0,53.778,0,0.0,0,0,0,0.0,0,0,73.64,11811.0,5.85,850.315,0.0,0.0
id3217040,Cililin,KAB BANDUNG BARAT,73319.0,67.447,2,29.0,1,2,1,80.62,12,0,70.03,9583.0,10.49,1087.06,0.0,2.728
id3218010,Cimerak,KAB PANGANDARAN,58964.0,192.164,0,0.0,0,0,0,0.0,0,0,69.85,9654.0,8.75,306.842,0.0,0.0
id3202210,Cibadak,KAB SUKABUMI,77820.0,63.687,2,29.0,1,2,1,1073.36,85,4,68.97,9815.0,6.87,1221.914,5.14,2.57
id3273080,Bandung Kidul,KOTA BANDUNG,102434.0,5.37,0,0.0,0,0,0,0.0,0,23,83.52,18795.0,3.87,19075.862,22.453,0.0
id3213081,Dawuan,KAB SUBANG,50771.0,91.081,4,322.0,1,4,1,21653.29,925,0,71.36,11894.0,9.49,557.425,0.0,7.879
id3206160,Manonjaya,KAB TASIKMALAYA,59353.0,44.272,0,0.0,0,0,0,0.0,0,0,68.36,8965.0,10.23,1340.633,0.0,0.0
id3271010,Bogor Selatan,KOTA BOGOR,276375.0,30.95,0,0.0,0,0,0,0.0,0,27,78.52,13154.0,6.53,8929.835,9.769,0.0
id3214030,Tegal Waru,KAB PURWAKARTA,56145.0,64.87,0,0.0,0,0,0,0.0,0,0,72.65,13099.0,8.41,865.496,0.0,0.0
id3209230,Gegesik,KAB CIREBON,64187.0,64.091,0,0.0,0,0,0,0.0,0,0,71.44,11529.0,11.0,1001.49,0.0,0.0
id3207260,Jatinagara,KAB CIAMIS,32261.0,36.175,0,0.0,0,0,0,0.0,0,0,72.56,10085.0,7.39,891.792,0.0,0.0
id3215082,Cilamaya Kulon,KAB KARAWANG,76188.0,68.073,0,0.0,0,0,0,0.0,0,0,72.9,12942.0,7.86,1119.216,0.0,0.0
id3210091,Sindang,KAB MAJALENGKA,15318.0,29.016,0,0.0,0,0,0,0.0,0,0,69.74,10842.0,10.82,527.912,0.0,0.0
id3207140,Cimaragas,KAB CIAMIS,22129.0,25.582,0,0.0,0,0,0,0.0,0,0,72.56,10085.0,7.39,865.015,0.0,0.0
id3209100,Beber,KAB CIREBON,51121.0,25.708,0,0.0,0,0,0,0.0,0,0,71.44,11529.0,11.0,1988.54,0.0,0.0
id3276010,Sawangan,KOTA DEPOK,323994.0,26.686,1,120.0,1,0,1,16589.13,721,33,82.91,16640.0,2.34,12141.145,10.185,0.309
id3276050,Beji,KOTA DEPOK,306781.0,14.859,5,309.0,4,1,4,37004.91,1653,41,82.91,16640.0,2.34,20646.427,13.365,1.63
id3213060,Cibogo,KAB SUBANG,56005.0,58.718,0,0.0,0,0,0,0.0,0,0,71.36,11894.0,9.49,953.793,0.0,0.0
id3213120,Purwadadi,KAB SUBANG,67248.0,75.543,0,0.0,0,0,0,0.0,0,1,71.36,11894.0,9.49,890.198,1.487,0.0
id3202172,Cireunghas,KAB SUKABUMI,35632.0,31.057,0,0.0,0,0,0,0.0,0,0,68.97,9815.0,6.87,1147.311,0.0,0.0
id3208080,Luragung,KAB KUNINGAN,45853.0,40.731,0,0.0,0,0,0,0.0,0,0,71.26,10418.0,11.88,1125.749,0.0,0.0
id3212100,Karangampel,KAB INDRAMAYU,48324.0,31.585,0,0.0,0,0,0,0.0,0,0,69.83,11010.0,11.93,1529.971,0.0,0.0
id3207240,Sadananya,KAB CIAMIS,26155.0,46.634,0,0.0,0,0,0,0.0,0,1,72.56,10085.0,7.39,560.855,3.823,0.0
id3208110,Lebakwangi,KAB KUNINGAN,33233.0,19.935,0,0.0,0,0,0,0.0,0,0,71.26,10418.0,11.88,1667.105,0.0,0.0
id3215111,Majalaya,KAB KARAWANG,57118.0,33.424,0,0.0,0,0,0,0.0,0,1,72.9,12942.0,7.86,1708.915,1.751,0.0
id3203210,Cugenang,KAB CIANJUR,96804.0,76.446,1,7.0,1,1,1,2.57,3,0,67.24,9026.0,10.14,1266.307,0.0,1.033
id3201050,Ciampea,KAB BOGOR,135153.0,33.74,0,0.0,0,0,0,0.0,0,1,72.39,11563.0,7.05,4005.747,0.74,0.0
id3207210,Ciamis,KAB CIAMIS,63866.0,34.607,3,209.0,1,3,1,4195.15,195,0,72.56,10085.0,7.39,1845.469,0.0,4.697
id3214110,Campaka,KAB PURWAKARTA,70983.0,56.417,0,0.0,0,0,0,0.0,0,0,72.65,13099.0,8.41,1258.185,0.0,0.0
id3272030,Warudoyong,KOTA SUKABUMI,55359.0,7.642,0,0.0,0,0,0,0.0,0,3,76.85,12252.0,7.2,7243.957,5.419,0.0
id3202261,Bojong Genteng,KAB SUKABUMI,37454.0,18.944,0,0.0,0,0,0,0.0,0,0,68.97,9815.0,6.87,1977.066,0.0,0.0
id3213170,Binong,KAB SUBANG,39651.0,54.311,0,0.0,0,0,0,0.0,0,0,71.36,11894.0,9.49,730.076,0.0,0.0
id3273160,Batununggal,KOTA BANDUNG,116424.0,4.774,8,437.0,3,5,2,23038.48,1012,4,83.52,18795.0,3.87,24389.59,3.436,6.871
id3275060,Bekasi Barat,KOTA BEKASI,420806.0,14.858,0,0.0,0,0,0,0.0,0,4,83.54,16775.0,4.01,28321.887,0.951,0.0
id3204120,Majalaya,KAB BANDUNG,110496.0,24.855,0,0.0,0,0,0,0.0,0,0,74.27,11392.0,6.19,4445.62,0.0,0.0
id3213220,Blanakan,KAB SUBANG,56825.0,109.919,0,0.0,0,0,0,0.0,0,0,71.36,11894.0,9.49,516.973,0.0,0.0
id3209051,Karangwareng,KAB CIREBON,21023.0,26.738,0,0.0,0,0,0,0.0,0,0,71.44,11529.0,11.0,786.249,0.0,0.0
id3203180,Mande,KAB CIANJUR,81776.0,84.876,0,0.0,0,0,0,0.0,0,0,67.24,9026.0,10.14,963.471,0.0,0.0
id3213210,Legonkulon,KAB SUBANG,23349.0,78.15,0,0.0,0,0,0,0.0,0,0,71.36,11894.0,9.49,298.773,0.0,0.0
id3212061,Tukdana,KAB INDRAMAYU,57499.0,73.732,0,0.0,0,0,0,0.0,0,0,69.83,11010.0,11.93,779.833,0.0,0.0
id3209140,Plumbon,KAB CIREBON,70623.0,19.354,0,0.0,0,0,0,0.0,0,0,71.44,11529.0,11.0,3648.921,0.0,0.0
id3212220,Sukra,KAB INDRAMAYU,37877.0,40.794,0,0.0,0,0,0,0.0,0,0,69.83,11010.0,11.93,928.497,0.0,0.0
id3213171,Tambakdahan,KAB SUBANG,47408.0,65.187,0,0.0,0,0,0,0.0,0,0,71.36,11894.0,9.49,727.258,0.0,0.0
id3202140,Cikembar,KAB SUKABUMI,106663.0,82.468,2,29.0,1,2,1,420.2,35,0,68.97,9815.0,6.87,1293.382,0.0,1.875
id3204101,Nagreg,KAB BANDUNG,72634.0,41.727,4,76.0,2,4,2,912.34,102,0,74.27,11392.0,6.19,1740.704,0.0,5.507
id3205030,Bungbulang,KAB GARUT,90943.0,171.847,0,0.0,0,0,0,0.0,0,0,68.79,9168.0,9.68,529.208,0.0,0.0
id3205070,Pameungpeuk,KAB GARUT,43163.0,47.277,2,29.0,1,2,1,318.73,24,0,68.79,9168.0,9.68,912.986,0.0,4.634
id3208150,Kramatmulya,KAB KUNINGAN,28806.0,16.549,0,0.0,0,0,0,0.0,0,0,71.26,10418.0,11.88,1740.651,0.0,0.0
id3217010,Rongga,KAB BANDUNG BARAT,79176.0,117.617,0,0.0,0,0,0,0.0,0,0,70.03,9583.0,10.49,673.168,0.0,0.0
id3218050,Parigi,KAB PANGANDARAN,57805.0,114.659,0,0.0,0,0,0,0.0,0,0,69.85,9654.0,8.75,504.146,0.0,0.0
id3214070,Bojong,KAB PURWAKARTA,66244.0,78.603,0,0.0,0,0,0,0.0,0,0,72.65,13099.0,8.41,842.766,0.0,0.0
id3201220,Bojong Gede,KAB BOGOR,236579.0,29.488,2,29.0,1,2,1,1922.79,128,15,72.39,11563.0,7.05,8022.979,6.34,0.845
id3202040,Jampang Kulon,KAB SUKABUMI,54050.0,69.941,0,0.0,0,0,0,0.0,0,0,68.97,9815.0,6.87,772.798,0.0,0.0
id3201240,Parung,KAB BOGOR,136167.0,27.538,0,0.0,0,0,0,0.0,0,5,72.39,11563.0,7.05,4944.735,3.672,0.0
id3209220,Susukan,KAB CIREBON,74190.0,51.687,0,0.0,0,0,0,0.0,0,0,71.44,11529.0,11.0,1435.373,0.0,0.0
id3201190,Gunung Putri,KAB BOGOR,369055.0,61.942,6,155.0,5,5,4,26544.06,1358,158,72.39,11563.0,7.05,5958.1,42.812,1.626
id3275041,Rawalumbu,KOTA BEKASI,258900.0,16.959,4,284.0,2,2,2,27231.99,1222,77,83.54,16775.0,4.01,15266.148,29.741,1.545
id3276021,Cipayung,KOTA DEPOK,151026.0,10.996,0,0.0,0,0,0,0.0,0,11,82.91,16640.0,2.34,13734.716,7.284,0.0
id3213201,Pusakajaya,KAB SUBANG,38183.0,49.31,0,0.0,0,0,0,0.0,0,0,71.36,11894.0,9.49,774.341,0.0,0.0
id3202082,Curugkembar,KAB SUKABUMI,38195.0,56.281,0,0.0,0,0,0,0.0,0,0,68.97,9815.0,6.87,678.642,0.0,0.0
id3202250,Parakan Salak,KAB SUKABUMI,40353.0,37.172,0,0.0,0,0,0,0.0,0,0,68.97,9815.0,6.87,1085.566,0.0,0.0
id3206071,Bojongasih,KAB TASIKMALAYA,24256.0,49.843,0,0.0,0,0,0,0.0,0,0,68.36,8965.0,10.23,486.649,0.0,0.0
id3204121,Solokan Jeruk,KAB BANDUNG,71888.0,24.272,0,0.0,0,0,0,0.0,0,0,74.27,11392.0,6.19,2961.741,0.0,0.0
id3206080,Bojonggambir,KAB TASIKMALAYA,48966.0,130.73,0,0.0,0,0,0,0.0,0,0,68.36,8965.0,10.23,374.559,0.0,0.0
id3206250,Jamanis,KAB TASIKMALAYA,31150.0,16.619,0,0.0,0,0,0,0.0,0,0,68.36,8965.0,10.23,1874.357,0.0,0.0
id3207180,Rancah,KAB CIAMIS,47266.0,86.907,0,0.0,0,0,0,0.0,0,0,72.56,10085.0,7.39,543.866,0.0,0.0
id3217071,Saguling,KAB BANDUNG BARAT,39647.0,44.392,0,0.0,0,0,0,0.0,0,13,70.03,9583.0,10.49,893.108,32.789,0.0
id3202150,Nyalindung,KAB SUKABUMI,73706.0,101.994,0,0.0,0,0,0,0.0,0,0,68.97,9815.0,6.87,722.647,0.0,0.0
id3279040,Langensari,KOTA BANJAR,75544.0,32.171,0,0.0,0,0,0,0.0,0,0,73.64,11811.0,5.85,2348.183,0.0,0.0
id3203070,Kadupandak,KAB CIANJUR,63792.0,104.736,0,0.0,0,0,0,0.0,0,0,67.24,9026.0,10.14,609.074,0.0,0.0
id3203010,Agrabinta,KAB CIANJUR,73143.0,197.994,0,0.0,0,0,0,0.0,0,0,67.24,9026.0,10.14,369.421,0.0,0.0
id3217100,Ngamprah,KAB BANDUNG BARAT,88001.0,32.202,0,0.0,0,0,0,0.0,0,6,70.03,9583.0,10.49,2732.786,6.818,0.0
id3204170,Pameungpeuk,KAB BANDUNG,55379.0,15.177,0,0.0,0,0,0,0.0,0,0,74.27,11392.0,6.19,3648.845,0.0,0.0
id3203071,Cijati,KAB CIANJUR,37997.0,49.101,1,7.0,1,1,0,0.0,0,0,67.24,9026.0,10.14,773.848,0.0,2.632
id3204110,Rancaekek,KAB BANDUNG,126674.0,44.949,1,22.0,1,1,1,324.47,24,1,74.27,11392.0,6.19,2818.145,0.789,0.789
id3211180,Buahdua,KAB SUMEDANG,43993.0,112.488,0,0.0,0,0,0,0.0,0,0,73.73,11589.0,9.1,391.09,0.0,0.0
id3213031,Kasomalang,KAB SUBANG,43867.0,43.629,0,0.0,0,0,0,0.0,0,0,71.36,11894.0,9.49,1005.464,0.0,0.0
id3216031,Bojongmangu,KAB BEKASI,95830.0,53.206,0,0.0,0,0,0,0.0,0,0,76.44,12500.0,4.8,1801.105,0.0,0.0
id3217150,Cipeundeuy,KAB BANDUNG BARAT,99504.0,84.835,0,0.0,0,0,0,0.0,0,0,70.03,9583.0,10.49,1172.906,0.0,0.0
id3207150,Cijeungjing,KAB CIAMIS,65331.0,62.371,0,0.0,0,0,0,0.0,0,1,72.56,10085.0,7.39,1047.45,1.531,0.0
id3209020,Ciledug,KAB CIREBON,49480.0,14.596,1,22.0,1,1,1,103.11,5,0,71.44,11529.0,11.0,3390.005,0.0,2.021
id3203060,Tanggeung,KAB CIANJUR,58404.0,66.379,1,7.0,1,1,1,42.31,7,0,67.24,9026.0,10.14,879.861,0.0,1.712
id3203160,Bojongpicung,KAB CIANJUR,57992.0,89.285,0,0.0,0,0,0,0.0,0,0,67.24,9026.0,10.14,649.513,0.0,0.0
id3204280,Bojongsoang,KAB BANDUNG,137755.0,28.197,2,170.0,1,2,1,12520.44,538,15,74.27,11392.0,6.19,4885.373,10.889,1.452
id3206072,Culamega,KAB TASIKMALAYA,28181.0,85.603,0,0.0,0,0,0,0.0,0,0,68.36,8965.0,10.23,329.205,0.0,0.0
id3206161,Gunungtanjung,KAB TASIKMALAYA,25990.0,46.096,0,0.0,0,0,0,0.0,0,0,68.36,8965.0,10.23,563.828,0.0,0.0
id3212150,Indramayu,KAB INDRAMAYU,105703.0,54.919,5,80.0,3,5,2,2822.45,159,1,69.83,11010.0,11.93,1924.708,0.946,4.73
id3215060,Tirtamulya,KAB KARAWANG,60087.0,47.784,0,0.0,0,0,0,0.0,0,0,72.9,12942.0,7.86,1257.467,0.0,0.0
id3216050,Kedungwaringin,KAB BEKASI,77240.0,30.352,0,0.0,0,0,0,0.0,0,1,76.44,12500.0,4.8,2544.832,1.295,0.0
id3218090,Padaherang,KAB PANGANDARAN,112956.0,114.803,0,0.0,0,0,0,0.0,0,0,69.85,9654.0,8.75,983.914,0.0,0.0
id3276011,Bojongsari,KOTA DEPOK,271320.0,19.498,4,269.0,2,2,2,72054.3,3063,24,82.91,16640.0,2.34,13915.505,8.846,1.474
id3202171,Kebonpedes,KAB SUKABUMI,28102.0,11.174,0,0.0,0,0,0,0.0,0,0,68.97,9815.0,6.87,2515.055,0.0,0.0
id3212170,Lohbener,KAB INDRAMAYU,63803.0,38.15,0,0.0,0,0,0,0.0,0,0,69.83,11010.0,11.93,1672.432,0.0,0.0
id3215180,Tirtajaya,KAB KARAWANG,76741.0,107.912,0,0.0,0,0,0,0.0,0,0,72.9,12942.0,7.86,711.146,0.0,0.0
id3212081,Sukagumiwang,KAB INDRAMAYU,40373.0,33.582,0,0.0,0,0,0,0.0,0,0,69.83,11010.0,11.93,1202.216,0.0,0.0
id3212200,Bongas,KAB INDRAMAYU,50262.0,49.801,0,0.0,0,0,0,0.0,0,0,69.83,11010.0,11.93,1009.248,0.0,0.0
id3213190,Pamanukan,KAB SUBANG,39519.0,28.842,3,51.0,1,3,1,939.54,85,0,71.36,11894.0,9.49,1370.186,0.0,7.591
id3211150,Paseh,KAB SUMEDANG,36994.0,33.424,0,0.0,0,0,0,0.0,0,0,73.73,11589.0,9.1,1106.802,0.0,0.0
id3202041,Cimanggu,KAB SUKABUMI,38284.0,55.423,0,0.0,0,0,0,0.0,0,0,68.97,9815.0,6.87,690.758,0.0,0.0
id3212162,Pasekan,KAB INDRAMAYU,31623.0,67.41,0,0.0,0,0,0,0.0,0,0,69.83,11010.0,11.93,469.115,0.0,0.0
id3211090,Cibugel,KAB SUMEDANG,30600.0,50.985,0,0.0,0,0,0,0.0,0,0,73.73,11589.0,9.1,600.176,0.0,0.0
id3207221,Sindangkasih,KAB CIAMIS,37282.0,28.792,0,0.0,0,0,0,0.0,0,1,72.56,10085.0,7.39,1294.894,2.682,0.0
id3206260,Ciawi,KAB TASIKMALAYA,43827.0,48.629,0,0.0,0,0,0,0.0,0,0,68.36,8965.0,10.23,901.254,0.0,0.0
id3211120,Tomo,KAB SUMEDANG,26495.0,75.379,1,7.0,1,1,0,0.0,0,1,73.73,11589.0,9.1,351.492,3.774,3.774
id3212130,Jatibarang,KAB INDRAMAYU,57380.0,43.088,1,22.0,1,1,1,443.64,44,0,69.83,11010.0,11.93,1331.694,0.0,1.743
id3212190,Kandanghaur,KAB INDRAMAYU,71251.0,83.962,0,0.0,0,0,0,0.0,0,0,69.83,11010.0,11.93,848.61,0.0,0.0
id3202280,Cikidang,KAB SUKABUMI,71682.0,155.838,0,0.0,0,0,0,0.0,0,0,68.97,9815.0,6.87,459.977,0.0,0.0
id3208090,Cidahu,KAB KUNINGAN,33491.0,37.511,0,0.0,0,0,0,0.0,0,0,71.26,10418.0,11.88,892.837,0.0,0.0
id3214010,Jatiluhur,KAB PURWAKARTA,72769.0,41.082,0,0.0,0,0,0,0.0,0,2,72.65,13099.0,8.41,1771.316,2.748,0.0
id3203080,Takokak,KAB CIANJUR,71598.0,142.526,0,0.0,0,0,0,0.0,0,0,67.24,9026.0,10.14,502.351,0.0,0.0
id3209180,Kapetakan,KAB CIREBON,62935.0,68.506,0,0.0,0,0,0,0.0,0,0,71.44,11529.0,11.0,918.679,0.0,0.0
id3214091,Pondok Salam,KAB PURWAKARTA,24386.0,39.192,0,0.0,0,0,0,0.0,0,0,72.65,13099.0,8.41,622.217,0.0,0.0
id3208051,Cilebak,KAB KUNINGAN,19656.0,43.062,0,0.0,0,0,0,0.0,0,0,71.26,10418.0,11.88,456.459,0.0,0.0
id3214112,Bungursari,KAB PURWAKARTA,74657.0,46.314,1,22.0,1,1,1,291.23,20,0,72.65,13099.0,8.41,1611.974,0.0,1.339
id3213040,Tanjungsiang,KAB SUBANG,41272.0,62.119,0,0.0,0,0,0,0.0,0,0,71.36,11894.0,9.49,664.407,0.0,0.0
id3206261,Kadipaten,KAB TASIKMALAYA,25315.0,41.508,0,0.0,0,0,0,0.0,0,0,68.36,8965.0,10.23,609.889,0.0,0.0
id3208111,Maleber,KAB KUNINGAN,38340.0,57.413,0,0.0,0,0,0,0.0,0,0,71.26,10418.0,11.88,667.795,0.0,0.0
id3208031,Hantara,KAB KUNINGAN,15447.0,36.138,0,0.0,0,0,0,0.0,0,0,71.26,10418.0,11.88,427.444,0.0,0.0
id3213020,Jalancagak,KAB SUBANG,43284.0,55.646,0,0.0,0,0,0,0.0,0,0,71.36,11894.0,9.49,777.84,0.0,0.0
id3203100,Pagelaran,KAB CIANJUR,97374.0,199.984,1,7.0,1,1,0,0.0,0,0,67.24,9026.0,10.14,486.91,0.0,1.027
id3217020,Gununghalu,KAB BANDUNG BARAT,112782.0,168.584,0,0.0,0,0,0,0.0,0,0,70.03,9583.0,10.49,668.996,0.0,0.0
id3203130,Warungkondang,KAB CIANJUR,48840.0,46.072,1,22.0,1,1,1,71.88,9,0,67.24,9026.0,10.14,1060.089,0.0,2.048
id3204191,Kutawaringin,KAB BANDUNG,85232.0,46.884,1,7.0,1,1,0,0.0,0,0,74.27,11392.0,6.19,1817.952,0.0,1.173
id3217030,Sindangkerta,KAB BANDUNG BARAT,83821.0,108.636,0,0.0,0,0,0,0.0,0,0,70.03,9583.0,10.49,771.577,0.0,0.0
id3218030,Cigugur,KAB PANGANDARAN,25671.0,123.336,0,0.0,0,0,0,0.0,0,0,69.85,9654.0,8.75,208.139,0.0,0.0
id3202030,Surade,KAB SUKABUMI,88133.0,121.094,0,0.0,0,0,0,0.0,0,0,68.97,9815.0,6.87,727.804,0.0,0.0
id3202110,Palabuhanratu,KAB SUKABUMI,78816.0,93.405,6,145.0,3,6,3,3569.41,194,1,68.97,9815.0,6.87,843.812,1.269,7.613
id3202160,Geger Bitung,KAB SUKABUMI,47704.0,67.296,0,0.0,0,0,0,0.0,0,0,68.97,9815.0,6.87,708.871,0.0,0.0
id3210130,Palasah,KAB MAJALENGKA,59649.0,39.034,0,0.0,0,0,0,0.0,0,1,69.74,10842.0,10.82,1528.139,1.676,0.0
id3207200,Sukadana,KAB CIAMIS,32199.0,58.316,0,0.0,0,0,0,0.0,0,0,72.56,10085.0,7.39,552.145,0.0,0.0
id3216010,Setu,KAB BEKASI,331282.0,60.343,1,22.0,1,1,1,1154.21,71,11,76.44,12500.0,4.8,5489.973,3.32,0.302
id3273070,Lengkong,KOTA BANDUNG,160795.0,5.864,3,107.0,2,2,2,13909.09,657,11,83.52,18795.0,3.87,27422.308,6.841,1.866
id3201130,Sukaraja,KAB BOGOR,197698.0,43.128,4,240.0,1,0,1,45310.82,1908,39,72.39,11563.0,7.05,4584.02,19.727,2.023
id3215100,Talagasari,KAB KARAWANG,75304.0,53.248,0,0.0,0,0,0,0.0,0,0,72.9,12942.0,7.86,1414.205,0.0,0.0
id3203110,Campaka,KAB CIANJUR,85836.0,144.098,1,22.0,1,1,1,26.55,7,0,67.24,9026.0,10.14,595.677,0.0,1.165
id3273180,Andir,KOTA BANDUNG,131634.0,4.194,2,62.0,2,2,2,9220.27,462,4,83.52,18795.0,3.87,31384.397,3.039,1.519
id3203111,Campaka Mulya,KAB CIANJUR,39835.0,74.474,0,0.0,0,0,0,0.0,0,0,67.24,9026.0,10.14,534.885,0.0,0.0
id3204030,Cimaung,KAB BANDUNG,104068.0,59.248,0,0.0,0,0,0,0.0,0,0,74.27,11392.0,6.19,1756.474,0.0,0.0
id3212101,Kedokan Bunder,KAB INDRAMAYU,41095.0,31.888,0,0.0,0,0,0,0.0,0,0,69.83,11010.0,11.93,1288.71,0.0,0.0
id3209151,Plered,KAB CIREBON,47145.0,13.07,0,0.0,0,0,0,0.0,0,0,71.44,11529.0,11.0,3607.063,0.0,0.0
id3212161,Cantigi,KAB INDRAMAYU,29146.0,100.443,0,0.0,0,0,0,0.0,0,0,69.83,11010.0,11.93,290.174,0.0,0.0
id3205240,Leles,KAB GARUT,73233.0,71.042,2,29.0,1,2,1,467.26,24,0,68.79,9168.0,9.68,1030.841,0.0,2.731
id3204270,Dayeuhkolot,KAB BANDUNG,152454.0,11.158,0,0.0,0,0,0,0.0,0,0,74.27,11392.0,6.19,13663.496,0.0,0.0
id3201090,Caringin,KAB BOGOR,136058.0,78.642,0,0.0,0,0,0,0.0,0,2,72.39,11563.0,7.05,1730.085,1.47,0.0
id3202290,Cisolok,KAB SUKABUMI,87630.0,173.885,0,0.0,0,0,0,0.0,0,0,68.97,9815.0,6.87,503.954,0.0,0.0
id3205011,Caringin,KAB GARUT,56193.0,115.267,0,0.0,0,0,0,0.0,0,0,68.79,9168.0,9.68,487.502,0.0,0.0
id3205221,Karangtengah,KAB GARUT,20068.0,27.646,0,0.0,0,0,0,0.0,0,0,68.79,9168.0,9.68,725.881,0.0,0.0
id3273010,Bandung Kulon,KOTA BANDUNG,130129.0,6.897,1,22.0,1,1,1,428.29,39,7,83.52,18795.0,3.87,18866.97,5.379,0.768
id3202212,Caringin,KAB SUKABUMI,49805.0,37.604,0,0.0,0,0,0,0.0,0,0,68.97,9815.0,6.87,1324.465,0.0,0.0
id3202021,Waluran,KAB SUKABUMI,37826.0,101.596,0,0.0,0,0,0,0.0,0,0,68.97,9815.0,6.87,372.316,0.0,0.0
id3206050,Cikatomas,KAB TASIKMALAYA,62404.0,148.093,0,0.0,0,0,0,0.0,0,0,68.36,8965.0,10.23,421.385,0.0,0.0
id3212180,Losarang,KAB INDRAMAYU,78013.0,100.049,2,29.0,2,2,1,492.74,41,0,69.83,11010.0,11.93,779.747,0.0,2.564
id3215170,Cibuaya,KAB KARAWANG,61993.0,118.654,0,0.0,0,0,0,0.0,0,0,72.9,12942.0,7.86,522.467,0.0,0.0
id3209111,Talun,KAB CIREBON,70130.0,20.813,1,22.0,1,1,1,1353.64,56,2,71.44,11529.0,11.0,3369.606,2.852,1.426
id3217090,Padalarang,KAB BANDUNG BARAT,114887.0,53.146,7,166.0,5,7,4,25122.96,1250,30,70.03,9583.0,10.49,2161.726,26.113,6.093
id3212050,Lelea,KAB INDRAMAYU,47342.0,61.054,0,0.0,0,0,0,0.0,0,0,69.83,11010.0,11.93,775.416,0.0,0.0
id3201040,Cibungbulang,KAB BOGOR,119090.0,38.474,2,29.0,1,2,1,905.21,98,0,72.39,11563.0,7.05,3095.314,0.0,1.679
id3208161,Japara,KAB KUNINGAN,25011.0,26.491,0,0.0,0,0,0,0.0,0,0,71.26,10418.0,11.88,944.14,0.0,0.0
id3215051,Purwasari,KAB KARAWANG,68203.0,31.872,5,474.0,1,5,1,30922.1,1444,1,72.9,12942.0,7.86,2139.878,1.466,7.331
id3201081,Cigombong,KAB BOGOR,76630.0,46.241,0,0.0,0,0,0,0.0,0,0,72.39,11563.0,7.05,1657.17,0.0,0.0
id3202300,Kabandungan,KAB SUKABUMI,58770.0,137.883,0,0.0,0,0,0,0.0,0,0,68.97,9815.0,6.87,426.231,0.0,0.0
id3214050,Sukatani,KAB PURWAKARTA,70911.0,79.406,14,1265.0,3,14,3,85077.77,3819,0,72.65,13099.0,8.41,893.016,0.0,19.743
id3216023,Cikarang Selatan,KAB BEKASI,320660.0,54.155,4,91.0,3,4,2,10458.23,608,54,76.44,12500.0,4.8,5921.118,16.84,1.247
id3201070,Ciomas,KAB BOGOR,155446.0,17.279,0,0.0,0,0,0,0.0,0,17,72.39,11563.0,7.05,8996.159,10.936,0.0
id3213180,Ciasem,KAB SUBANG,80423.0,99.626,0,0.0,0,0,0,0.0,0,0,71.36,11894.0,9.49,807.252,0.0,0.0
id3208021,Nusaherang,KAB KUNINGAN,17835.0,18.098,0,0.0,0,0,0,0.0,0,0,71.26,10418.0,11.88,985.456,0.0,0.0
id3201030,Pamijahan,KAB BOGOR,162106.0,125.526,0,0.0,0,0,0,0.0,0,0,72.39,11563.0,7.05,1291.418,0.0,0.0
id3213021,Ciater,KAB SUBANG,40402.0,65.972,0,0.0,0,0,0,0.0,0,0,71.36,11894.0,9.49,612.409,0.0,0.0
id3206020,Karangnunggal,KAB TASIKMALAYA,108207.0,153.61,1,22.0,1,1,1,362.62,26,0,68.36,8965.0,10.23,704.427,0.0,0.924
id3209061,Susukanlebak,KAB CIREBON,30994.0,20.335,0,0.0,0,0,0,0.0,0,0,71.44,11529.0,11.0,1524.182,0.0,0.0
id3208100,Ciawigebang,KAB KUNINGAN,73873.0,61.975,0,0.0,0,0,0,0.0,0,0,71.26,10418.0,11.88,1191.985,0.0,0.0
id3277030,Cimahi Utara,KOTA CIMAHI,186722.0,14.008,3,51.0,3,3,3,1059.3,62,18,80.08,13278.0,4.39,13329.67,9.64,1.607
id3201150,Sukamakmur,KAB BOGOR,179851.0,180.427,0,0.0,0,0,0,0.0,0,0,72.39,11563.0,7.05,996.808,0.0,0.0
id3203120,Cibeber,KAB CIANJUR,115781.0,125.01,1,22.0,1,1,1,39.71,8,0,67.24,9026.0,10.14,926.172,0.0,0.864
id3203230,Sukaresmi,KAB CIANJUR,85418.0,95.44,0,0.0,0,0,0,0.0,0,0,67.24,9026.0,10.14,894.994,0.0,0.0
id3271060,Tanah Sereal,KOTA BOGOR,237666.0,21.11,1,120.0,1,0,1,27437.8,1250,75,78.52,13154.0,6.53,11258.198,31.557,0.421
id3273050,Astanaanyar,KOTA BANDUNG,41395.0,2.651,0,0.0,0,0,0,0.0,0,4,83.52,18795.0,3.87,15614.145,9.663,0.0
id3201250,Gunung Sindur,KAB BOGOR,289995.0,49.276,1,22.0,1,1,1,1151.99,72,15,72.39,11563.0,7.05,5885.115,5.173,0.345
id3273040,Bojongloa Kidul,KOTA BANDUNG,176234.0,5.169,0,0.0,0,0,0,0.0,0,19,83.52,18795.0,3.87,34091.891,10.781,0.0
id3206120,Tanjungjaya,KAB TASIKMALAYA,43779.0,39.816,0,0.0,0,0,0,0.0,0,0,68.36,8965.0,10.23,1099.529,0.0,0.0
id3206060,Cibalong,KAB TASIKMALAYA,40703.0,60.473,0,0.0,0,0,0,0.0,0,0,68.36,8965.0,10.23,673.075,0.0,0.0
id3201080,Cijeruk,KAB BOGOR,116138.0,47.129,1,22.0,1,1,1,0.1,9,0,72.39,11563.0,7.05,2464.273,0.0,0.861
id3202080,Sagaranten,KAB SUKABUMI,70666.0,108.991,0,0.0,0,0,0,0.0,0,0,68.97,9815.0,6.87,648.365,0.0,0.0
id3216030,Cibarusah,KAB BEKASI,135833.0,40.466,0,0.0,0,0,0,0.0,0,2,76.44,12500.0,4.8,3356.685,1.472,0.0
id3205260,Cibatu,KAB GARUT,63819.0,39.294,0,0.0,0,0,0,0.0,0,0,68.79,9168.0,9.68,1624.133,0.0,0.0
id3214111,Cibatu,KAB PURWAKARTA,49566.0,59.742,0,0.0,0,0,0,0.0,0,0,72.65,13099.0,8.41,829.661,0.0,0.0
id3206030,Cikalong,KAB TASIKMALAYA,83389.0,159.224,0,0.0,0,0,0,0.0,0,0,68.36,8965.0,10.23,523.72,0.0,0.0
id3214081,Kiarapedes,KAB PURWAKARTA,30844.0,60.402,0,0.0,0,0,0,0.0,0,0,72.65,13099.0,8.41,510.644,0.0,0.0
id3277010,Cimahi Selatan,KOTA CIMAHI,194964.0,16.54,1,120.0,1,1,1,19887.0,683,5,80.08,13278.0,4.39,11787.729,2.565,0.513
id3204070,Ibun,KAB BANDUNG,111597.0,58.957,2,44.0,1,2,2,795.92,57,0,74.27,11392.0,6.19,1892.845,0.0,1.792
id3202010,Ciemas,KAB SUKABUMI,78479.0,295.333,1,22.0,1,1,1,451.2,23,0,68.97,9815.0,6.87,265.73,0.0,1.274
id3202201,Gunungguruh,KAB SUKABUMI,49735.0,26.528,0,0.0,0,0,0,0.0,0,0,68.97,9815.0,6.87,1874.8,0.0,0.0
id3212041,Terisi,KAB INDRAMAYU,67603.0,178.439,0,0.0,0,0,0,0.0,0,0,69.83,11010.0,11.93,378.857,0.0,0.0
id3213110,Patokbeusi,KAB SUBANG,82344.0,102.241,0,0.0,0,0,0,0.0,0,0,71.36,11894.0,9.49,805.395,0.0,0.0
id3204310,Cimenyan,KAB BANDUNG,121767.0,48.04,0,0.0,0,0,0,0.0,0,19,74.27,11392.0,6.19,2534.691,15.604,0.0
id3204050,Kertasari,KAB BANDUNG,80901.0,151.994,0,0.0,0,0,0,0.0,0,0,74.27,11392.0,6.19,532.265,0.0,0.0
id3207291,Sukamantri,KAB CIAMIS,19172.0,51.393,0,0.0,0,0,0,0.0,0,0,72.56,10085.0,7.39,373.05,0.0,0.0
id3208071,Cibeureum,KAB KUNINGAN,27166.0,39.243,0,0.0,0,0,0,0.0,0,0,71.26,10418.0,11.88,692.254,0.0,0.0
id3211160,Cimalaka,KAB SUMEDANG,65326.0,47.968,1,7.0,1,1,1,3.03,8,0,73.73,11589.0,9.1,1361.87,0.0,1.531
id3211010,Jatinangor,KAB SUMEDANG,85785.0,26.154,4,126.0,3,4,3,6522.69,331,3,73.73,11589.0,9.1,3279.962,3.497,4.663
id3278010,Kawalu,KOTA TASIKMALAYA,97043.0,41.117,0,0.0,0,0,0,0.0,0,4,75.04,11431.0,11.1,2360.186,4.122,0.0
id3201210,Cibinong,KAB BOGOR,345794.0,47.215,6,230.0,4,5,4,30483.23,1517,52,72.39,11563.0,7.05,7323.786,15.038,1.735
id3203140,Cilaku,KAB CIANJUR,83996.0,53.109,1,22.0,1,0,1,20.98,9,0,67.24,9026.0,10.14,1581.573,0.0,1.191
id3204290,Cileunyi,KAB BANDUNG,146952.0,31.791,0,0.0,0,0,0,0.0,0,8,74.27,11392.0,6.19,4622.506,5.444,0.0
id3201051,Tenjolaya,KAB BOGOR,71617.0,36.99,0,0.0,0,0,0,0.0,0,0,72.39,11563.0,7.05,1936.134,0.0,0.0
id3203170,Ciranjang,KAB CIANJUR,59600.0,31.782,1,22.0,1,1,1,194.4,32,0,67.24,9026.0,10.14,1875.303,0.0,1.678
id3205270,Cibiuk,KAB GARUT,40451.0,22.091,0,0.0,0,0,0,0.0,0,0,68.79,9168.0,9.68,1831.143,0.0,0.0
id3201260,Rumpin,KAB BOGOR,279740.0,140.057,0,0.0,0,0,0,0.0,0,0,72.39,11563.0,7.05,1997.336,0.0,0.0
id3203220,Pacet,KAB CIANJUR,95043.0,40.983,0,0.0,0,0,0,0.0,0,1,67.24,9026.0,10.14,2319.088,1.052,0.0
id3204020,Pasirjambu,KAB BANDUNG,115560.0,205.153,3,51.0,1,3,1,238.85,26,1,74.27,11392.0,6.19,563.288,0.865,2.596
id3205120,Cikajang,KAB GARUT,92428.0,109.261,0,0.0,0,0,0,0.0,0,2,68.79,9168.0,9.68,845.934,2.164,0.0
id3217120,Lembang,KAB BANDUNG BARAT,162092.0,96.123,5,110.0,4,5,4,3412.52,228,3,70.03,9583.0,10.49,1686.29,1.851,3.085
id3211080,Darmaraja,KAB SUMEDANG,36956.0,54.339,0,0.0,0,0,0,0.0,0,0,73.73,11589.0,9.1,680.105,0.0,0.0
id3206040,Pancatengah,KAB TASIKMALAYA,58334.0,158.907,0,0.0,0,0,0,0.0,0,0,68.36,8965.0,10.23,367.094,0.0,0.0
id3203030,Cidaun,KAB CIANJUR,110412.0,298.389,0,0.0,0,0,0,0.0,0,0,67.24,9026.0,10.14,370.027,0.0,0.0
id3211130,Ujung Jaya,KAB SUMEDANG,39088.0,86.488,0,0.0,0,0,0,0.0,0,0,73.73,11589.0,9.1,451.946,0.0,0.0
id3201300,Parung Panjang,KAB BOGOR,305844.0,71.369,1,22.0,1,1,1,1417.01,86,4,72.39,11563.0,7.05,4285.366,1.308,0.327
id3205181,Tarogong Kidul,KAB GARUT,93499.0,19.977,6,303.0,3,6,3,14395.26,599,5,68.79,9168.0,9.68,4680.387,5.348,6.417
id3211040,Rancakalong,KAB SUMEDANG,56105.0,58.184,0,0.0,0,0,0,0.0,0,0,73.73,11589.0,9.1,964.272,0.0,0.0
id3202111,Simpenan,KAB SUKABUMI,54582.0,177.716,0,0.0,0,0,0,0.0,0,0,68.97,9815.0,6.87,307.131,0.0,0.0
id3208190,Pasawahan,KAB KUNINGAN,17588.0,42.791,0,0.0,0,0,0,0.0,0,0,71.26,10418.0,11.88,411.021,0.0,0.0
id3216070,Cibitung,KAB BEKASI,219104.0,44.393,0,0.0,0,0,0,0.0,0,11,76.44,12500.0,4.8,4935.514,5.02,0.0
id3213010,Sagalaherang,KAB SUBANG,31574.0,53.034,0,0.0,0,0,0,0.0,0,0,71.36,11894.0,9.49,595.354,0.0,0.0
id3273210,Cibeunying Kidul,KOTA BANDUNG,87168.0,4.114,2,142.0,2,1,2,4919.26,212,2,83.52,18795.0,3.87,21185.832,2.294,2.294
id3202211,Cicantayan,KAB SUKABUMI,57288.0,35.264,0,0.0,0,0,0,0.0,0,2,68.97,9815.0,6.87,1624.535,3.491,0.0
id3216022,Cikarang Pusat,KAB BEKASI,209172.0,53.81,4,116.0,2,4,2,8939.31,523,12,76.44,12500.0,4.8,3887.2,5.737,1.912
id3202131,Purabaya,KAB SUKABUMI,64636.0,134.977,0,0.0,0,0,0,0.0,0,0,68.97,9815.0,6.87,478.867,0.0,0.0
id3210031,Cingambul,KAB MAJALENGKA,39603.0,41.835,0,0.0,0,0,0,0.0,0,0,69.74,10842.0,10.82,946.639,0.0,0.0
id3214090,Pasawahan,KAB PURWAKARTA,38819.0,31.858,0,0.0,0,0,0,0.0,0,0,72.65,13099.0,8.41,1218.503,0.0,0.0
id3202070,Cidolog,KAB SUKABUMI,32744.0,102.145,0,0.0,0,0,0,0.0,0,0,68.97,9815.0,6.87,320.564,0.0,0.0
id3207130,Cidolog,KAB CIAMIS,17991.0,60.999,0,0.0,0,0,0,0.0,0,0,72.56,10085.0,7.39,294.94,0.0,0.0
id3206200,Cigalontang,KAB TASIKMALAYA,61859.0,142.707,0,0.0,0,0,0,0.0,0,0,68.36,8965.0,10.23,433.47,0.0,0.0
id3205211,Sucinaraja,KAB GARUT,26390.0,33.808,0,0.0,0,0,0,0.0,0,0,68.79,9168.0,9.68,780.594,0.0,0.0
id3213030,Cisalak,KAB SUBANG,45141.0,105.582,0,0.0,0,0,0,0.0,0,0,71.36,11894.0,9.49,427.545,0.0,0.0
id3213070,Subang,KAB SUBANG,104806.0,66.393,4,73.0,2,4,2,2139.11,135,2,71.36,11894.0,9.49,1578.559,1.908,3.817
id3273220,Cibeunying Kaler,KOTA BANDUNG,84702.0,4.596,4,111.0,1,4,1,10290.39,502,9,83.52,18795.0,3.87,18431.447,10.625,4.722
id3205290,Blubur Limbangan,KAB GARUT,72606.0,86.331,3,69.0,2,3,1,1770.75,107,0,68.79,9168.0,9.68,841.018,0.0,4.132
id3278060,Mangkubumi,KOTA TASIKMALAYA,98184.0,25.08,0,0.0,0,0,0,0.0,0,1,75.04,11431.0,11.1,3914.888,1.018,0.0
id3205080,Cibalong,KAB GARUT,66497.0,217.179,0,0.0,0,0,0,0.0,0,0,68.79,9168.0,9.68,306.186,0.0,0.0
id3205300,Selaawi,KAB GARUT,39123.0,36.847,0,0.0,0,0,0,0.0,0,0,68.79,9168.0,9.68,1061.758,0.0,0.0
id3211032,Pamulihan,KAB SUMEDANG,84586.0,54.123,0,0.0,0,0,0,0.0,0,0,73.73,11589.0,9.1,1562.838,0.0,0.0
id3273120,Ujung Berung,KOTA BANDUNG,70347.0,6.189,2,29.0,1,2,1,497.83,43,7,83.52,18795.0,3.87,11365.661,9.951,2.843
id3204080,Paseh,KAB BANDUNG,117187.0,47.905,0,0.0,0,0,0,0.0,0,0,74.27,11392.0,6.19,2446.26,0.0,0.0
id3205110,Singajaya,KAB GARUT,60002.0,59.487,0,0.0,0,0,0,0.0,0,0,68.79,9168.0,9.68,1008.656,0.0,0.0
id3211071,Cisitu,KAB SUMEDANG,37417.0,64.346,0,0.0,0,0,0,0.0,0,0,73.73,11589.0,9.1,581.497,0.0,0.0
id3209011,Pasaleman,KAB CIREBON,39417.0,40.233,0,0.0,0,0,0,0.0,0,0,71.44,11529.0,11.0,979.723,0.0,0.0
id3204250,Margaasih,KAB BANDUNG,123198.0,18.154,0,0.0,0,0,0,0.0,0,24,74.27,11392.0,6.19,6786.409,19.481,0.0
id3217110,Parongpong,KAB BANDUNG BARAT,100928.0,42.669,0,0.0,0,0,0,0.0,0,31,70.03,9583.0,10.49,2365.345,30.715,0.0
id3203090,Sukanagara,KAB CIANJUR,57639.0,174.692,1,22.0,1,1,1,162.42,12,0,67.24,9026.0,10.14,329.946,0.0,1.735
id3203240,Cikalongkulon,KAB CIANJUR,89975.0,137.166,1,7.0,1,1,0,0.0,0,0,67.24,9026.0,10.14,655.955,0.0,1.111
id3215011,Tegalwaru,KAB KARAWANG,52634.0,107.368,0,0.0,0,0,0,0.0,0,0,72.9,12942.0,7.86,490.219,0.0,0.0
id3217050,Cihampelas,KAB BANDUNG BARAT,71330.0,38.56,0,0.0,0,0,0,0.0,0,1,70.03,9583.0,10.49,1849.821,1.402,0.0
id3208061,Karangkancana,KAB KUNINGAN,24959.0,66.8,0,0.0,0,0,0,0.0,0,0,71.26,10418.0,11.88,373.637,0.0,0.0
id3211020,Cimanggung,KAB SUMEDANG,69287.0,43.469,0,0.0,0,0,0,0.0,0,1,73.73,11589.0,9.1,1593.958,1.443,0.0
id3204090,Cikancung,KAB BANDUNG,98005.0,39.171,0,0.0,0,0,0,0.0,0,0,74.27,11392.0,6.19,2501.971,0.0,0.0
id3273200,Bandung Wetan,KOTA BANDUNG,90603.0,3.413,1,22.0,1,1,1,280.55,21,6,83.52,18795.0,3.87,26546.112,6.622,1.104
id3207230,Cihaurbeuti,KAB CIAMIS,35008.0,67.9,0,0.0,0,0,0,0.0,0,0,72.56,10085.0,7.39,515.58,0.0,0.0
id3205090,Cisompet,KAB GARUT,57255.0,174.041,0,0.0,0,0,0,0.0,0,0,68.79,9168.0,9.68,328.974,0.0,0.0
id3203161,Haurwangi,KAB CIANJUR,42828.0,45.812,0,0.0,0,0,0,0.0,0,0,67.24,9026.0,10.14,934.865,0.0,0.0
id3205111,Cihurip,KAB GARUT,33935.0,47.282,0,0.0,0,0,0,0.0,0,0,68.79,9168.0,9.68,717.71,0.0,0.0
id3211030,Tanjungsari,KAB SUMEDANG,65963.0,43.778,2,29.0,1,2,1,293.73,22,0,73.73,11589.0,9.1,1506.774,0.0,3.032
id3214020,Maniis,KAB PURWAKARTA,42072.0,56.125,0,0.0,0,0,0,0.0,0,1,72.65,13099.0,8.41,749.612,2.377,0.0
id3273090,Buahbatu,KOTA BANDUNG,178337.0,7.399,3,66.0,2,3,2,1749.4,135,15,83.52,18795.0,3.87,24101.77,8.411,1.682
id3205031,Mekarmukti,KAB GARUT,26826.0,43.256,0,0.0,0,0,0,0.0,0,0,68.79,9168.0,9.68,620.171,0.0,0.0
id3208030,Ciniru,KAB KUNINGAN,22760.0,49.559,0,0.0,0,0,0,0.0,0,0,71.26,10418.0,11.88,459.252,0.0,0.0
id3213011,Serangpanjang,KAB SUBANG,31600.0,74.072,0,0.0,0,0,0,0.0,0,0,71.36,11894.0,9.49,426.611,0.0,0.0
id3211111,Jatigede,KAB SUMEDANG,34894.0,114.742,0,0.0,0,0,0,0.0,0,0,73.73,11589.0,9.1,304.108,0.0,0.0
id3206190,Singaparna,KAB TASIKMALAYA,53874.0,20.314,2,29.0,1,2,1,240.99,30,0,68.36,8965.0,10.23,2652.014,0.0,3.712
id3203051,Cikadu,KAB CIANJUR,59850.0,189.293,0,0.0,0,0,0,0.0,0,0,67.24,9026.0,10.14,316.176,0.0,0.0
id3206230,Cisayong,KAB TASIKMALAYA,52480.0,49.513,0,0.0,0,0,0,0.0,0,1,68.36,8965.0,10.23,1059.925,1.905,0.0
id3202190,Kadudampit,KAB SUKABUMI,44965.0,69.783,0,0.0,0,0,0,0.0,0,0,68.97,9815.0,6.87,644.352,0.0,0.0
id3202291,Cikakak,KAB SUKABUMI,43800.0,115.697,2,44.0,1,2,1,547.61,32,0,68.97,9815.0,6.87,378.576,0.0,4.566
id3278040,Tawang,KOTA TASIKMALAYA,57016.0,6.942,4,76.0,1,4,1,3792.34,184,4,75.04,11431.0,11.1,8212.697,7.016,7.016
id3206090,Sodonghilir,KAB TASIKMALAYA,65671.0,98.972,0,0.0,0,0,0,0.0,0,0,68.36,8965.0,10.23,663.528,0.0,0.0
id3215081,Cilamaya Wetan,KAB KARAWANG,84067.0,77.188,0,0.0,0,0,0,0.0,0,0,72.9,12942.0,7.86,1089.121,0.0,0.0
id3217140,Cikalong Wetan,KAB BANDUNG BARAT,139016.0,116.355,1,7.0,1,1,1,2.39,2,0,70.03,9583.0,10.49,1194.761,0.0,0.719
id3218060,Sidamulih,KAB PANGANDARAN,37496.0,88.634,0,0.0,0,0,0,0.0,0,0,69.85,9654.0,8.75,423.045,0.0,0.0
id3215050,Cikampek,KAB KARAWANG,117950.0,36.948,2,44.0,1,2,1,1687.9,121,2,72.9,12942.0,7.86,3192.317,1.696,1.696
id3215072,Kotabaru,KAB KARAWANG,112160.0,33.96,0,0.0,0,0,0,0.0,0,2,72.9,12942.0,7.86,3302.745,1.783,0.0
id3208120,Garawangi,KAB KUNINGAN,29511.0,29.761,0,0.0,0,0,0,0.0,0,0,71.26,10418.0,11.88,991.588,0.0,0.0
id3215161,Cilebar,KAB KARAWANG,49547.0,70.741,0,0.0,0,0,0,0.0,0,0,72.9,12942.0,7.86,700.402,0.0,0.0
id3202020,Ciracap,KAB SUKABUMI,89638.0,154.211,0,0.0,0,0,0,0.0,0,0,68.97,9815.0,6.87,581.269,0.0,0.0
id3211171,Tanjungmedar,KAB SUMEDANG,43672.0,65.359,0,0.0,0,0,0,0.0,0,0,73.73,11589.0,9.1,668.189,0.0,0.0
id3205010,Cisewu,KAB GARUT,49628.0,161.62,0,0.0,0,0,0,0.0,0,0,68.79,9168.0,9.68,307.065,0.0,0.0
id3216061,Cikarang Utara,KAB BEKASI,287602.0,40.225,3,104.0,2,2,2,2306.33,164,15,76.44,12500.0,4.8,7149.809,5.216,1.043
id3211100,Wado,KAB SUMEDANG,52567.0,71.209,0,0.0,0,0,0,0.0,0,0,73.73,11589.0,9.1,738.212,0.0,0.0
id3213130,Cikaum,KAB SUBANG,62528.0,79.711,0,0.0,0,0,0,0.0,0,0,71.36,11894.0,9.49,784.432,0.0,0.0
id3204060,Pacet,KAB BANDUNG,126980.0,95.412,0,0.0,0,0,0,0.0,0,0,74.27,11392.0,6.19,1330.856,0.0,0.0
id3216071,Cikarang Barat,KAB BEKASI,363705.0,54.368,1,22.0,1,1,1,682.99,64,7,76.44,12500.0,4.8,6689.732,1.925,0.275
id3209141,Depok,KAB CIREBON,68266.0,16.329,0,0.0,0,0,0,0.0,0,0,71.44,11529.0,11.0,4180.718,0.0,0.0
id3205280,Kadungora,KAB GARUT,80278.0,39.209,0,0.0,0,0,0,0.0,0,0,68.79,9168.0,9.68,2047.452,0.0,0.0
id3208081,Cimahi,KAB KUNINGAN,33664.0,58.676,0,0.0,0,0,0,0.0,0,0,71.26,10418.0,11.88,573.726,0.0,0.0
id3209211,Gempol,KAB CIREBON,38024.0,30.77,0,0.0,0,0,0,0.0,0,0,71.44,11529.0,11.0,1235.766,0.0,0.0
id3272050,Cikole,KOTA SUKABUMI,43410.0,6.539,6,117.0,3,6,3,7697.44,441,2,76.85,12252.0,7.2,6638.908,4.607,13.822
id3211061,Ganeas,KAB SUMEDANG,19715.0,25.701,0,0.0,0,0,0,0.0,0,0,73.73,11589.0,9.1,767.08,0.0,0.0
id3272020,Citamiang,KOTA SUKABUMI,39774.0,4.018,0,0.0,0,0,0,0.0,0,2,76.85,12252.0,7.2,9898.59,5.028,0.0
id3207220,Cikoneng,KAB CIAMIS,42652.0,47.149,0,0.0,0,0,0,0.0,0,0,72.56,10085.0,7.39,904.62,0.0,0.0
id3272011,Lembursitu,KOTA SUKABUMI,57886.0,11.072,1,22.0,1,1,1,117.49,9,0,76.85,12252.0,7.2,5228.147,0.0,1.728
id3215130,Tempuran,KAB KARAWANG,90384.0,96.717,0,0.0,0,0,0,0.0,0,1,72.9,12942.0,7.86,934.517,1.106,0.0
id3206212,Padakembang,KAB TASIKMALAYA,42319.0,19.424,0,0.0,0,0,0,0.0,0,0,68.36,8965.0,10.23,2178.673,0.0,0.0
id3202100,Lengkong,KAB SUKABUMI,48121.0,143.717,0,0.0,0,0,0,0.0,0,0,68.97,9815.0,6.87,334.831,0.0,0.0
id3276041,Tapos,KOTA DEPOK,354767.0,33.704,4,88.0,2,2,2,3332.9,172,51,82.91,16640.0,2.34,10526.114,14.376,1.128
id3216021,Serang Baru,KAB BEKASI,280842.0,59.552,0,0.0,0,0,0,0.0,0,0,76.44,12500.0,4.8,4715.92,0.0,0.0
id3205140,Cilawu,KAB GARUT,124188.0,80.404,0,0.0,0,0,0,0.0,0,0,68.79,9168.0,9.68,1544.542,0.0,0.0
id3204300,Cilengkrang,KAB BANDUNG,69767.0,38.94,0,0.0,0,0,0,0.0,0,1,74.27,11392.0,6.19,1791.648,1.433,0.0
id3201271,Sukajaya,KAB BOGOR,84155.0,167.095,0,0.0,0,0,0,0.0,0,0,72.39,11563.0,7.05,503.635,0.0,0.0
id3201180,Cileungsi,KAB BOGOR,411797.0,70.782,7,395.0,5,6,5,47718.95,2054,30,72.39,11563.0,7.05,5817.85,7.285,1.7
id3214060,Darangdan,KAB PURWAKARTA,80533.0,61.804,2,82.0,2,1,2,10681.31,501,1,72.65,13099.0,8.41,1303.046,1.242,2.483
id3276031,Cilodong,KOTA DEPOK,232803.0,15.654,3,422.0,1,0,1,56529.21,2346,26,82.91,16640.0,2.34,14871.601,11.168,1.289
id3205182,Tarogong Kaler,KAB GARUT,91169.0,52.875,7,154.0,4,7,4,2533.94,150,0,68.79,9168.0,9.68,1724.246,0.0,7.678
id3206111,Puspahiang,KAB TASIKMALAYA,41310.0,57.645,0,0.0,0,0,0,0.0,0,0,68.36,8965.0,10.23,716.633,0.0,0.0
id3202173,Sukalarang,KAB SUKABUMI,53521.0,31.605,0,0.0,0,0,0,0.0,0,0,68.97,9815.0,6.87,1693.413,0.0,0.0
id3208101,Cipicung,KAB KUNINGAN,25137.0,19.135,0,0.0,0,0,0,0.0,0,0,71.26,10418.0,11.88,1313.634,0.0,0.0
id3213090,Cipeundeuy,KAB SUBANG,74874.0,103.227,2,72.0,1,2,1,6122.15,341,0,71.36,11894.0,9.49,725.333,0.0,2.671
id3273101,Gedebage,KOTA BANDUNG,102377.0,9.874,1,7.0,1,1,1,8.29,2,14,83.52,18795.0,3.87,10367.917,13.675,0.977
id3205190,Garut Kota,KAB GARUT,91742.0,30.226,1,22.0,1,1,1,271.48,24,4,68.79,9168.0,9.68,3035.189,4.36,1.09
id3275031,Mustikajaya,KOTA BEKASI,342222.0,26.316,3,36.0,1,3,1,1332.62,152,42,83.54,16775.0,4.01,13004.473,12.273,0.877
id3205200,Karangpawitan,KAB GARUT,116295.0,55.351,0,0.0,0,0,0,0.0,0,1,68.79,9168.0,9.68,2101.032,0.86,0.0
id3276061,Cinere,KOTA DEPOK,495154.0,10.546,0,0.0,0,0,0,0.0,0,0,82.91,16640.0,2.34,46951.615,0.0,0.0
id3204190,Soreang,KAB BANDUNG,108402.0,25.062,5,110.0,3,5,3,2855.49,169,1,74.27,11392.0,6.19,4325.362,0.922,4.612
id3205170,Samarang,KAB GARUT,65608.0,52.831,0,0.0,0,0,0,0.0,0,0,68.79,9168.0,9.68,1241.847,0.0,0.0
id3215010,Pangkalan,KAB KARAWANG,90107.0,98.399,0,0.0,0,0,0,0.0,0,0,72.9,12942.0,7.86,915.728,0.0,0.0
id3205161,Sukaresmi,KAB GARUT,49557.0,33.619,0,0.0,0,0,0,0.0,0,0,68.79,9168.0,9.68,1474.085,0.0,0.0
id3205210,Wanaraja,KAB GARUT,42345.0,22.531,0,0.0,0,0,0,0.0,0,0,68.79,9168.0,9.68,1879.382,0.0,0.0
id3206270,Pagerageung,KAB TASIKMALAYA,45567.0,63.847,0,0.0,0,0,0,0.0,0,0,68.36,8965.0,10.23,713.69,0.0,0.0
id3217130,Cisarua,KAB BANDUNG BARAT,107244.0,53.252,1,7.0,1,1,1,86.65,5,2,70.03,9583.0,10.49,2013.888,1.865,0.932
id3273110,Cibiru,KOTA BANDUNG,101147.0,6.791,2,44.0,1,2,1,427.12,38,1,83.52,18795.0,3.87,14894.185,0.989,1.977
id3273111,Panyileukan,KOTA BANDUNG,118387.0,5.262,0,0.0,0,0,0,0.0,0,4,83.52,18795.0,3.87,22498.071,3.379,0.0
id3273230,Coblong,KOTA BANDUNG,205930.0,7.264,11,555.0,5,8,5,100041.6,4209,8,83.52,18795.0,3.87,28349.965,3.885,5.342
id3214100,Purwakarta,KAB PURWAKARTA,112308.0,24.294,6,120.0,3,6,2,3386.87,195,3,72.65,13099.0,8.41,4622.827,2.671,5.342
id3273100,Rancasari,KOTA BANDUNG,144813.0,6.961,2,110.0,2,1,2,20100.54,855,19,83.52,18795.0,3.87,20803.35,13.12,1.381
id3212010,Haurgeulis,KAB INDRAMAYU,83980.0,64.886,1,22.0,1,1,1,727.85,40,0,69.83,11010.0,11.93,1294.273,0.0,1.191
id3208091,Kalimanggis,KAB KUNINGAN,20164.0,19.89,0,0.0,0,0,0,0.0,0,0,71.26,10418.0,11.88,1013.792,0.0,0.0
id3210120,Leuwimunding,KAB MAJALENGKA,52531.0,28.455,0,0.0,0,0,0,0.0,0,0,69.74,10842.0,10.82,1846.124,0.0,0.0
id3217080,Cipatat,KAB BANDUNG BARAT,120781.0,121.086,2,29.0,2,2,2,65.12,19,0,70.03,9583.0,10.49,997.482,0.0,1.656
id3201120,Megamendung,KAB BOGOR,168027.0,61.114,6,200.0,4,5,4,15785.97,803,0,72.39,11563.0,7.05,2749.4,0.0,3.571
id3216041,Cikarang Timur,KAB BEKASI,167980.0,53.13,0,0.0,0,0,0,0.0,0,5,76.44,12500.0,4.8,3161.668,2.977,0.0
id3273240,Sukajadi,KOTA BANDUNG,134908.0,5.225,0,0.0,0,0,0,0.0,0,11,83.52,18795.0,3.87,25819.582,8.154,0.0
id3278080,Cipedes,KOTA TASIKMALAYA,56636.0,8.915,4,216.0,1,4,1,8278.34,350,2,75.04,11431.0,11.1,6353.076,3.531,7.063
id3215151,Jayakerta,KAB KARAWANG,56972.0,41.69,0,0.0,0,0,0,0.0,0,0,72.9,12942.0,7.86,1366.558,0.0,0.0
id3208180,Mandirancan,KAB KUNINGAN,27257.0,35.912,0,0.0,0,0,0,0.0,0,0,71.26,10418.0,11.88,759.002,0.0,0.0
id3214011,Sukasari,KAB PURWAKARTA,25448.0,89.425,0,0.0,0,0,0,0.0,0,0,72.65,13099.0,8.41,284.573,0.0,0.0
id3276040,Cimanggis,KOTA DEPOK,735260.0,21.726,2,29.0,1,2,1,941.44,132,54,82.91,16640.0,2.34,33842.017,7.344,0.272
id3273130,Arcamanik,KOTA BANDUNG,117868.0,7.529,3,150.0,1,0,1,6507.68,257,15,83.52,18795.0,3.87,15655.72,12.726,2.545
id3202170,Sukaraja,KAB SUKABUMI,63334.0,42.103,2,14.0,1,2,1,748.77,38,3,68.97,9815.0,6.87,1504.273,4.737,3.158
id3206151,Karangjaya,KAB TASIKMALAYA,14965.0,46.695,0,0.0,0,0,0,0.0,0,0,68.36,8965.0,10.23,320.486,0.0,0.0
id3201221,Tajur Halang,KAB BOGOR,178505.0,30.788,0,0.0,0,0,0,0.0,0,6,72.39,11563.0,7.05,5797.806,3.361,0.0
id3201200,Citeureup,KAB BOGOR,186610.0,69.428,0,0.0,0,0,0,0.0,0,12,72.39,11563.0,7.05,2687.826,6.431,0.0
id3207280,Kawali,KAB CIAMIS,40390.0,36.844,0,0.0,0,0,0,0.0,0,0,72.56,10085.0,7.39,1096.245,0.0,0.0
id3273260,Cidadap,KOTA BANDUNG,123598.0,8.348,2,44.0,1,2,1,825.44,49,11,83.52,18795.0,3.87,14805.861,8.9,1.618
id3206141,Jatiwaras,KAB TASIKMALAYA,60910.0,90.49,0,0.0,0,0,0,0.0,0,0,68.36,8965.0,10.23,673.11,0.0,0.0
id3215090,Lemahabang,KAB KARAWANG,64608.0,51.645,0,0.0,0,0,0,0.0,0,0,72.9,12942.0,7.86,1251.014,0.0,0.0
id3204010,Ciwidey,KAB BANDUNG,104543.0,47.975,2,44.0,1,2,1,552.02,26,0,74.27,11392.0,6.19,2179.109,0.0,1.913
id3213160,Compreng,KAB SUBANG,45520.0,69.679,0,0.0,0,0,0,0.0,0,0,71.36,11894.0,9.49,653.278,0.0,0.0
id3212110,Juntinyuat,KAB INDRAMAYU,67395.0,53.842,0,0.0,0,0,0,0.0,0,0,69.83,11010.0,11.93,1251.717,0.0,0.0
id3208181,Pancalang,KAB KUNINGAN,30323.0,19.536,0,0.0,0,0,0,0.0,0,0,71.26,10418.0,11.88,1552.132,0.0,0.0
id3206240,Rajapolah,KAB TASIKMALAYA,35931.0,16.461,2,29.0,1,2,1,331.64,31,0,68.36,8965.0,10.23,2182.803,0.0,5.566
id3205050,Pakenjeng,KAB GARUT,107152.0,191.821,0,0.0,0,0,0,0.0,0,0,68.79,9168.0,9.68,558.605,0.0,0.0
id3276020,Pancoran Mas,KOTA DEPOK,257468.0,17.99,4,1200.0,1,0,1,30549.34,1389,55,82.91,16640.0,2.34,14311.725,21.362,1.554
id3209041,Gebang,KAB CIREBON,58072.0,35.889,0,0.0,0,0,0,0.0,0,0,71.44,11529.0,11.0,1618.081,0.0,0.0
id3215160,Pedes,KAB KARAWANG,70496.0,69.06,0,0.0,0,0,0,0.0,0,0,72.9,12942.0,7.86,1020.799,0.0,0.0
id3274040,Kesambi,KOTA CIREBON,90995.0,9.019,2,44.0,1,2,1,787.38,55,4,77.08,12869.0,9.02,10089.511,4.396,2.198
id3212090,Krangkeng,KAB INDRAMAYU,64954.0,72.558,0,0.0,0,0,0,0.0,0,0,69.83,11010.0,11.93,895.204,0.0,0.0
id3205250,Leuwigoong,KAB GARUT,49323.0,24.271,0,0.0,0,0,0,0.0,0,0,68.79,9168.0,9.68,2032.165,0.0,0.0
id3209101,Greged,KAB CIREBON,50619.0,33.063,0,0.0,0,0,0,0.0,0,0,71.44,11529.0,11.0,1531.009,0.0,0.0
id3212120,Sliyeg,KAB INDRAMAYU,56674.0,54.937,0,0.0,0,0,0,0.0,0,0,69.83,11010.0,11.93,1031.613,0.0,0.0
id3213140,Pagaden,KAB SUBANG,52563.0,48.938,2,29.0,1,2,1,95.85,6,0,71.36,11894.0,9.49,1074.081,0.0,3.805
id3210151,Kasokandel,KAB MAJALENGKA,52787.0,35.137,0,0.0,0,0,0,0.0,0,0,69.74,10842.0,10.82,1502.305,0.0,0.0
id3205040,Pamulihan,KAB GARUT,34206.0,115.94,0,0.0,0,0,0,0.0,0,0,68.79,9168.0,9.68,295.032,0.0,0.0
id3273250,Sukasari,KOTA BANDUNG,122406.0,6.312,5,204.0,2,4,2,38713.04,1603,18,83.52,18795.0,3.87,19394.015,14.705,4.085
id3213200,Pusakanagara,KAB SUBANG,43311.0,64.032,0,0.0,0,0,0,0.0,0,0,71.36,11894.0,9.49,676.398,0.0,0.0
id3203061,Pasirkuda,KAB CIANJUR,51377.0,109.427,0,0.0,0,0,0,0.0,0,0,67.24,9026.0,10.14,469.51,0.0,0.0
id3205261,Kersamanah,KAB GARUT,38378.0,23.918,0,0.0,0,0,0,0.0,0,0,68.79,9168.0,9.68,1604.558,0.0,0.0
id3203020,Sindangbarang,KAB CIANJUR,89804.0,164.341,3,51.0,3,3,2,69.55,9,0,67.24,9026.0,10.14,546.451,0.0,3.341
id3211060,Sumedang Utara,KAB SUMEDANG,81680.0,31.371,2,47.0,1,2,1,3896.5,168,1,73.73,11589.0,9.1,2603.693,1.224,2.449
id3276060,Limo,KOTA DEPOK,171776.0,11.972,0,0.0,0,0,0,0.0,0,29,82.91,16640.0,2.34,14348.519,16.882,0.0
id3209201,Panguragan,KAB CIREBON,26147.0,23.575,0,0.0,0,0,0,0.0,0,0,71.44,11529.0,11.0,1109.088,0.0,0.0
id3202270,Kalapa Nunggal,KAB SUKABUMI,54529.0,50.609,0,0.0,0,0,0,0.0,0,0,68.97,9815.0,6.87,1077.448,0.0,0.0
id3272040,Gunung Puyuh,KOTA SUKABUMI,38284.0,5.212,1,22.0,1,1,1,927.89,58,2,76.85,12252.0,7.2,7345.752,5.224,2.612
id3206221,Sukaratu,KAB TASIKMALAYA,56910.0,42.465,0,0.0,0,0,0,0.0,0,0,68.36,8965.0,10.23,1340.162,0.0,0.0
id3209231,Kaliwedi,KAB CIREBON,35050.0,28.731,0,0.0,0,0,0,0.0,0,1,71.44,11529.0,11.0,1219.918,2.853,0.0
id3275070,Bekasi Utara,KOTA BEKASI,361105.0,21.46,13,2504.0,3,2,3,38305.4,1743,44,83.54,16775.0,4.01,16826.539,12.185,3.6
id3275061,Medan Satria,KOTA BEKASI,338363.0,13.378,2,44.0,2,2,2,378.06,102,21,83.54,16775.0,4.01,25293.0,6.206,0.591
id3206070,Bantarkalong,KAB TASIKMALAYA,37172.0,66.254,0,0.0,0,0,0,0.0,0,0,68.36,8965.0,10.23,561.053,0.0,0.0
id3209021,Pabuaran,KAB CIREBON,28845.0,9.863,23,2521.0,9,8,9,80338.06,2631,0,71.44,11529.0,11.0,2924.47,0.0,79.737
id3278070,Indihiang,KOTA TASIKMALAYA,65450.0,10.89,0,0.0,0,0,0,0.0,0,0,75.04,11431.0,11.1,6010.244,0.0,0.0
id3274030,Pekalipan,KOTA CIREBON,22767.0,1.621,0,0.0,0,0,0,0.0,0,1,77.08,12869.0,9.02,14043.32,4.392,0.0
id3206110,Salawu,KAB TASIKMALAYA,57410.0,74.017,0,0.0,0,0,0,0.0,0,0,68.36,8965.0,10.23,775.628,0.0,0.0
id3275050,Bekasi Selatan,KOTA BEKASI,199425.0,15.881,5,449.0,3,2,3,70743.35,3052,20,83.54,16775.0,4.01,12557.471,10.029,2.507
id3212080,Kertasemaya,KAB INDRAMAYU,61407.0,39.683,0,0.0,0,0,0,0.0,0,0,69.83,11010.0,11.93,1547.452,0.0,0.0
id3206130,Sukaraja,KAB TASIKMALAYA,53887.0,50.053,0,0.0,0,0,0,0.0,0,0,68.36,8965.0,10.23,1076.595,0.0,0.0
id3218100,Mangunjaya,KAB PANGANDARAN,45289.0,33.386,0,0.0,0,0,0,0.0,0,0,69.85,9654.0,8.75,1356.513,0.0,0.0
id3213150,Cipunagara,KAB SUBANG,75632.0,103.855,0,0.0,0,0,0,0.0,0,0,71.36,11894.0,9.49,728.245,0.0,0.0
id3275020,Jatiasih,KOTA BEKASI,295004.0,24.148,0,0.0,0,0,0,0.0,0,0,83.54,16775.0,4.01,12216.698,0.0,0.0
id3275010,Pondokgede,KOTA BEKASI,477779.0,17.756,0,0.0,0,0,0,0.0,0,0,83.54,16775.0,4.01,26907.863,0.0,0.0
id3273142,Mandalajati,KOTA BANDUNG,63335.0,4.765,0,0.0,0,0,0,0.0,0,3,83.52,18795.0,3.87,13292.727,4.737,0.0
id3275011,Jatisampurna,KOTA BEKASI,289224.0,19.391,2,44.0,1,2,1,3140.56,162,12,83.54,16775.0,4.01,14915.447,4.149,0.692
id3275012,Pondokmelati,KOTA BEKASI,333588.0,11.434,0,0.0,0,0,0,0.0,0,0,83.54,16775.0,4.01,29175.764,0.0,0.0
id3216081,Tambun Selatan,KAB BEKASI,348637.0,42.463,8,580.0,3,7,3,52972.36,2457,64,76.44,12500.0,4.8,8210.348,18.357,2.295
id3216140,Cabangbungin,KAB BEKASI,80857.0,49.857,0,0.0,0,0,0,0.0,0,0,76.44,12500.0,4.8,1621.783,0.0,0.0
id3212020,Kroya,KAB INDRAMAYU,68023.0,135.919,0,0.0,0,0,0,0.0,0,0,69.83,11010.0,11.93,500.468,0.0,0.0
id3206211,Sariwangi,KAB TASIKMALAYA,26211.0,40.265,0,0.0,0,0,0,0.0,0,0,68.36,8965.0,10.23,650.956,0.0,0.0
id3216150,Muara Gembong,KAB BEKASI,97812.0,150.138,0,0.0,0,0,0,0.0,0,0,76.44,12500.0,4.8,651.482,0.0,0.0
id3216082,Tambun Utara,KAB BEKASI,186553.0,35.114,0,0.0,0,0,0,0.0,0,13,76.44,12500.0,4.8,5312.822,6.969,0.0
id3207170,Tambaksari,KAB CIAMIS,35413.0,60.931,0,0.0,0,0,0,0.0,0,0,72.56,10085.0,7.39,581.203,0.0,0.0
id3209162,Kedawung,KAB CIREBON,73925.0,9.627,10,830.0,5,5,5,54943.54,1990,3,71.44,11529.0,11.0,7679.096,4.058,13.527
id3209050,Karangsembung,KAB CIREBON,22441.0,17.533,0,0.0,0,0,0,0.0,0,0,71.44,11529.0,11.0,1279.945,0.0,0.0
id3216062,Karangbahagia,KAB BEKASI,143189.0,46.21,0,0.0,0,0,0,0.0,0,1,76.44,12500.0,4.8,3098.658,0.698,0.0
id3215032,Telukjambe Barat,KAB KARAWANG,105437.0,74.324,2,110.0,1,2,1,11998.83,543,0,72.9,12942.0,7.86,1418.609,0.0,1.897
id3279020,Purwaharja,KOTA BANJAR,22672.0,17.969,0,0.0,0,0,0,0.0,0,0,73.64,11811.0,5.85,1261.728,0.0,0.0
id3209181,Suranenggala,KAB CIREBON,33926.0,24.323,0,0.0,0,0,0,0.0,0,0,71.44,11529.0,11.0,1394.814,0.0,0.0
id3209150,Weru,KAB CIREBON,79599.0,9.407,0,0.0,0,0,0,0.0,0,0,71.44,11529.0,11.0,8462.015,0.0,0.0
id3209070,Sedong,KAB CIREBON,41476.0,34.912,0,0.0,0,0,0,0.0,0,0,71.44,11529.0,11.0,1188.015,0.0,0.0
id3202180,Sukabumi,KAB SUKABUMI,33222.0,30.118,0,0.0,0,0,0,0.0,0,7,68.97,9815.0,6.87,1103.065,21.07,0.0
id3203011,Leles,KAB CIANJUR,47761.0,113.293,0,0.0,0,0,0,0.0,0,0,67.24,9026.0,10.14,421.57,0.0,0.0
id3274050,Kejaksan,KOTA CIREBON,30911.0,4.374,2,44.0,1,2,1,1545.83,102,1,77.08,12869.0,9.02,7067.109,3.235,6.47
id3274020,Lemahwungkuk,KOTA CIREBON,94869.0,7.218,2,29.0,1,2,1,355.58,31,1,77.08,12869.0,9.02,13142.558,1.054,2.108
id3215140,Kutawaluya,KAB KARAWANG,51189.0,52.519,0,0.0,0,0,0,0.0,0,0,72.9,12942.0,7.86,974.68,0.0,0.0
id3215020,Ciampel,KAB KARAWANG,140863.0,118.118,0,0.0,0,0,0,0.0,0,0,72.9,12942.0,7.86,1192.559,0.0,0.0
id3206192,Mangunreja,KAB TASIKMALAYA,37980.0,26.269,0,0.0,0,0,0,0.0,0,0,68.36,8965.0,10.23,1445.786,0.0,0.0
id3204260,Margahayu,KAB BANDUNG,80643.0,10.574,0,0.0,0,0,0,0.0,0,8,74.27,11392.0,6.19,7626.324,9.92,0.0
id3205220,Sukawening,KAB GARUT,48606.0,37.483,0,0.0,0,0,0,0.0,0,0,68.79,9168.0,9.68,1296.741,0.0,0.0
id3205020,Talegong,KAB GARUT,52092.0,108.538,0,0.0,0,0,0,0.0,0,0,68.79,9168.0,9.68,479.941,0.0,0.0
id3278020,Tamansari,KOTA TASIKMALAYA,91074.0,38.638,0,0.0,0,0,0,0.0,0,0,75.04,11431.0,11.1,2357.106,0.0,0.0
id3211181,Surian,KAB SUMEDANG,19039.0,81.975,0,0.0,0,0,0,0.0,0,0,73.73,11589.0,9.1,232.255,0.0,0.0
id3206191,Sukarame,KAB TASIKMALAYA,28159.0,16.348,0,0.0,0,0,0,0.0,0,0,68.36,8965.0,10.23,1722.509,0.0,0.0
id3216100,Tarumajaya,KAB BEKASI,321744.0,56.095,0,0.0,0,0,0,0.0,0,2,76.44,12500.0,4.8,5735.678,0.622,0.0
id3205100,Peundeuy,KAB GARUT,28767.0,54.843,0,0.0,0,0,0,0.0,0,0,68.79,9168.0,9.68,524.53,0.0,0.0
id3201071,Tamansari,KAB BOGOR,132233.0,40.547,0,0.0,0,0,0,0.0,0,2,72.39,11563.0,7.05,3261.197,1.512,0.0
id3215031,Telukjambe Timur,KAB KARAWANG,155945.0,44.571,12,267.0,8,12,7,10404.0,662,11,72.9,12942.0,7.86,3498.825,7.054,7.695
id3278031,Purbaratu,KOTA TASIKMALAYA,34483.0,12.725,0,0.0,0,0,0,0.0,0,0,75.04,11431.0,11.1,2709.94,0.0,0.0
id3215200,Pakisjaya,KAB KARAWANG,62861.0,68.05,0,0.0,0,0,0,0.0,0,0,72.9,12942.0,7.86,923.747,0.0,0.0
id3216110,Tambelang,KAB BEKASI,51945.0,35.036,0,0.0,0,0,0,0.0,0,0,76.44,12500.0,4.8,1482.61,0.0,0.0
id3216111,Sukawangi,KAB BEKASI,67918.0,68.342,0,0.0,0,0,0,0.0,0,0,76.44,12500.0,4.8,993.799,0.0,0.0
id3216121,Sukakarya,KAB BEKASI,72964.0,48.66,0,0.0,0,0,0,0.0,0,0,76.44,12500.0,4.8,1499.467,0.0,0.0
id3217888,Waduk,KAB BANDUNG BARAT,34365.0,33.297,0,0.0,0,0,0,0.0,0,0,70.03,9583.0,10.49,1032.089,0.0,0.0
id3214888,Waduk Jatiluhur,KAB PURWAKARTA,8241.0,70.466,0,0.0,0,0,0,0.0,0,0,72.65,13099.0,8.41,116.95,0.0,0.0
