kode_wilayah,nama_wilayah,ipm,pengeluaran,miskin_p0,kedalaman_p1,uhh,hls,rls,penduduk_bps,kab
32.01,Bogor,72.39,11563,7.05,1.08,72.16,12.75,8.39,5682303,KAB BOGOR
32.02,Sukabumi,68.97,9815,6.87,0.88,72.06,12.39,7.34,2828024,KAB SUKABUMI
32.03,Cianjur,67.24,9026,10.14,1.58,70.96,12.04,7.33,2584994,KAB CIANJUR
32.04,Bandung,74.27,11392,6.19,0.61,74.53,12.74,9.15,3753116,KAB BANDUNG
32.05,Garut,68.79,9168,9.68,1.41,72.28,12.17,7.85,2716950,KAB GARUT
32.06,Tasikmalaya,68.36,8965,10.23,1.01,70.39,12.64,7.97,1920921,KAB TASIKMALAYA
32.07,Ciamis,72.56,10085,7.39,0.99,72.87,14.3,8.1,1259226,KAB CIAMIS
32.08,Kuningan,71.26,10418,11.88,2.02,74.53,12.27,7.9,1213927,KAB KUNINGAN
32.09,Cirebon,71.44,11529,11.0,1.69,73.04,12.42,7.65,2387961,KAB CIREBON
32.1,Majalengka,69.74,10842,10.82,1.76,71.31,12.27,7.53,1352541,KAB MAJALENGKA
32.11,Sumedang,73.73,11589,9.1,1.6,73.45,13.02,8.74,1187133,KAB SUMEDANG
32.12,Indramayu,69.83,11010,11.93,2.05,72.77,12.32,6.95,1914037,KAB INDRAMAYU
32.13,Subang,71.36,11894,9.49,1.63,73.51,12.11,7.46,1663156,KAB SUBANG
32.14,Purwakarta,72.65,13099,8.41,1.37,71.99,12.25,8.14,1050344,KAB PURWAKARTA
32.15,Karawang,72.9,12942,7.86,1.18,73.14,12.21,8.05,2554384,KAB KARAWANG
32.16,Bekasi,76.44,12500,4.8,0.7,74.57,13.18,9.76,3273868,KAB BEKASI
32.17,Bandung Barat,70.03,9583,10.49,1.17,73.34,12.0,8.24,1884191,KAB BANDUNG BARAT
32.18,Pangandaran,69.85,9654,8.75,1.23,72.41,12.31,8.1,434104,KAB PANGANDARAN
32.71,Kota Bogor,78.52,13154,6.53,0.95,74.74,13.51,10.71,1078351,KOTA BOGOR
32.72,Kota Sukabumi,76.85,12252,7.2,0.88,73.35,13.62,10.38,365735,KOTA SUKABUMI
32.73,Kota Bandung,83.52,18795,3.87,0.6,75.37,14.25,11.07,2528163,KOTA BANDUNG
32.74,Kota Cirebon,77.08,12869,9.02,1.18,73.34,13.17,10.53,344851,KOTA CIREBON
32.75,Kota Bekasi,83.54,16775,4.01,0.8,76.12,14.14,11.79,2644058,KOTA BEKASI
32.76,Kota Depok,82.91,16640,2.34,0.34,75.55,14.11,11.59,2163635,KOTA DEPOK
32.77,Kota Cimahi,80.08,13278,4.39,0.83,75.1,13.85,11.52,598698,KOTA CIMAHI
32.78,Kota Tasikmalaya,75.04,11431,11.1,1.35,73.16,13.5,9.63,750727,KOTA TASIKMALAYA
32.79,Kota Banjar,73.64,11811,5.85,1.03,72.03,13.28,8.83,209791,KOTA BANJAR
