idx,name,prov,shapeID
0,Aceh Barat,Aceh,22746128B65593111718524
1,Aceh Barat Daya,Aceh,22746128B227561513795
2,Aceh Besar,Aceh,22746128B90547447297479
3,Aceh Jaya,Aceh,22746128B21424895456858
4,Aceh Selatan,Aceh,22746128B12428400263117
5,Aceh Singkil,Aceh,22746128B17710719872214
6,Aceh Tamiang,Aceh,22746128B57620394058931
7,Aceh Tengah,Aceh,22746128B89023327523654
8,Aceh Tenggara,Aceh,22746128B65780821536148
9,Aceh Timur,Aceh,22746128B94735591859977
10,Aceh Utara,Aceh,22746128B43339434023645
11,Bener Meriah,Aceh,22746128B4257100474226
12,Bireuen,Aceh,22746128B71427834061478
13,Gayo Lues,Aceh,22746128B71384327775718
14,Kota Banda Aceh,Aceh,22746128B56363132836699
15,Kota Langsa,Aceh,22746128B69628984727954
16,Kota Lhokseumawe,Aceh,22746128B88010078110453
17,Kota Sabang,Aceh,22746128B78398648082643
18,Kota Subulussalam,Aceh,22746128B20185680371825
19,Nagan Raya,Aceh,22746128B8237986094994
20,Pidie,Aceh,22746128B35853530005037
21,Pidie Jaya,Aceh,22746128B77747107542596
22,Simeulue,Aceh,22746128B32199422560180
23,Badung,Bali,22746128B76986430159502
24,Bangli,Bali,22746128B25936754669599
25,Buleleng,Bali,22746128B19337828575841
26,Gianyar,Bali,22746128B44616450347238
27,Jembrana,Bali,22746128B85592790675198
28,Karang Asem,Bali,22746128B60715781377305
29,Klungkung,Bali,22746128B73073409478343
30,Kota Denpasar,Bali,22746128B89164850776530
31,Tabanan,Bali,22746128B4646422714630
32,Bangka,Bangka Belitung,22746128B27585215741432
33,Bangka Barat,Bangka Belitung,22746128B47433230053131
34,Bangka Selatan,Bangka Belitung,22746128B19321376976921
35,Bangka Tengah,Bangka Belitung,22746128B66707258567489
36,Belitung,Bangka Belitung,22746128B80009106787015
37,Belitung Timur,Bangka Belitung,22746128B98690900191937
38,Kota Pangkal Pinang,Bangka Belitung,22746128B92282941938888
39,Kepulauan Seribu,Banten,22746128B63742079715926
40,Kota Cilegon,Banten,22746128B25933583546422
41,Kota Serang,Banten,22746128B38845978082923
42,Kota Tangerang,Banten,22746128B7613374511026
43,Kota Tangerang Selatan,Banten,22746128B62533997811788
44,Lebak,Banten,22746128B73767534141998
45,Pandeglang,Banten,22746128B79755996911998
46,Serang,Banten,22746128B3242616561013
47,Tangerang,Banten,22746128B62876177397182
48,Bengkulu Selatan,Bengkulu,22746128B78254403614329
49,Bengkulu Tengah,Bengkulu,22746128B16836972822517
50,Bengkulu Utara,Bengkulu,22746128B39887218554518
51,Kaur,Bengkulu,22746128B79405855452274
52,Kepahiang,Bengkulu,22746128B30869437307727
53,Kota Bengkulu,Bengkulu,22746128B322693337562
54,Lebong,Bengkulu,22746128B6914990948320
55,Mukomuko,Bengkulu,22746128B39825953538573
56,Rejang Lebong,Bengkulu,22746128B47928451075254
57,Seluma,Bengkulu,22746128B87861638449066
58,Bantul,DI Yogyakarta,22746128B15956982783625
59,Gunung Kidul,DI Yogyakarta,22746128B54859500646728
60,Kota Yogyakarta,DI Yogyakarta,22746128B9761158776103
61,Kulon Progo,DI Yogyakarta,22746128B43033686501526
62,Sleman,DI Yogyakarta,22746128B68764842139539
63,Kota Jakarta Barat,DKI Jakarta,22746128B58252967349746
64,Kota Jakarta Pusat,DKI Jakarta,22746128B21128962092426
65,Kota Jakarta Selatan,DKI Jakarta,22746128B93686700937380
66,Kota Jakarta Timur,DKI Jakarta,22746128B5353616278909
67,Kota Jakarta Utara,DKI Jakarta,22746128B85966169947265
68,Boalemo,Gorontalo,22746128B1718153682633
69,Bone Bolango,Gorontalo,22746128B41707288718561
70,Gorontalo,Gorontalo,22746128B1660874628525
71,Gorontalo Utara,Gorontalo,22746128B78667545948550
72,Kota Gorontalo,Gorontalo,22746128B66202348563483
73,Pohuwato,Gorontalo,22746128B36723886609479
74,Batang Hari,Jambi,22746128B80000441774097
75,Bungo,Jambi,22746128B28569646979400
76,Kerinci,Jambi,22746128B64633952285861
77,Kota Jambi,Jambi,22746128B99667418524197
78,Kota Sungai Penuh,Jambi,22746128B31453944142504
79,Merangin,Jambi,22746128B71403115718321
80,Muaro Jambi,Jambi,22746128B29274337249674
81,Sarolangun,Jambi,22746128B44731308508060
82,Tanjung Jabung Barat,Jambi,22746128B97653119007289
83,Tanjung Jabung Timur,Jambi,22746128B13468366985120
84,Tebo,Jambi,22746128B61304276790881
85,Bandung,Jawa Barat,22746128B73297609500416
86,Bandung Barat,Jawa Barat,22746128B79756617117888
87,Bekasi,Jawa Barat,22746128B74302729610221
88,Bogor,Jawa Barat,22746128B99423643145371
89,Ciamis,Jawa Barat,22746128B17121530580660
90,Cianjur,Jawa Barat,22746128B34542084533901
91,Cirebon,Jawa Barat,22746128B77544549346240
92,Garut,Jawa Barat,22746128B66421464971893
93,Indramayu,Jawa Barat,22746128B59462811669242
94,Karawang,Jawa Barat,22746128B53840275251202
95,Kota Bandung,Jawa Barat,22746128B71762235135177
96,Kota Banjar,Jawa Barat,22746128B64728543729693
97,Kota Bekasi,Jawa Barat,22746128B54763839112631
98,Kota Bogor,Jawa Barat,22746128B63896883204987
99,Kota Cimahi,Jawa Barat,22746128B53430054982428
100,Kota Cirebon,Jawa Barat,22746128B80288264799633
101,Kota Depok,Jawa Barat,22746128B73481124779947
102,Kota Sukabumi,Jawa Barat,22746128B82825120895999
103,Kota Tasikmalaya,Jawa Barat,22746128B57000549481658
104,Kuningan,Jawa Barat,22746128B44289127403365
105,Majalengka,Jawa Barat,22746128B87647472826371
106,Pangandaran,Jawa Barat,22746128B59857718615465
107,Purwakarta,Jawa Barat,22746128B43709097539954
108,Subang,Jawa Barat,22746128B90150108137034
109,Sukabumi,Jawa Barat,22746128B66929526216355
110,Sumedang,Jawa Barat,22746128B19624873108228
111,Tasikmalaya,Jawa Barat,22746128B89217704079934
112,Banjarnegara,Jawa Tengah,22746128B31481808975183
113,Banyumas,Jawa Tengah,22746128B18933963724988
114,Batang,Jawa Tengah,22746128B4894534477686
115,Blora,Jawa Tengah,22746128B85780086903212
116,Boyolali,Jawa Tengah,22746128B51975137382727
117,Brebes,Jawa Tengah,22746128B82312103386068
118,Cilacap,Jawa Tengah,22746128B37209370352000
119,Demak,Jawa Tengah,22746128B71519500232359
120,Grobogan,Jawa Tengah,22746128B71964042918672
121,Hutan,Jawa Tengah,22746128B69994664325988
122,Jepara,Jawa Tengah,22746128B68650893607060
123,Karanganyar,Jawa Tengah,22746128B38192287274107
124,Kebumen,Jawa Tengah,22746128B26305825050369
125,Kendal,Jawa Tengah,22746128B21241240008354
126,Klaten,Jawa Tengah,22746128B24447956326165
127,Kota Magelang,Jawa Tengah,22746128B66141272433758
128,Kota Pekalongan,Jawa Tengah,22746128B98453198956040
129,Kota Salatiga,Jawa Tengah,22746128B99456803569608
130,Kota Semarang,Jawa Tengah,22746128B5783483209745
131,Kota Surakarta,Jawa Tengah,22746128B33460906687482
132,Kota Tegal,Jawa Tengah,22746128B85080883644541
133,Kudus,Jawa Tengah,22746128B61967707401144
134,Magelang,Jawa Tengah,22746128B50341569898666
135,Pati,Jawa Tengah,22746128B37789509782125
136,Pekalongan,Jawa Tengah,22746128B43405552393366
137,Pemalang,Jawa Tengah,22746128B43122306499336
138,Purbalingga,Jawa Tengah,22746128B86887436396051
139,Purworejo,Jawa Tengah,22746128B47019757463267
140,Rembang,Jawa Tengah,22746128B94981829239468
141,Semarang,Jawa Tengah,22746128B46914217687538
142,Sragen,Jawa Tengah,22746128B28263166501815
143,Sukoharjo,Jawa Tengah,22746128B41417259813102
144,Tegal,Jawa Tengah,22746128B39713682939315
145,Temanggung,Jawa Tengah,22746128B37534287210764
146,Wonogiri,Jawa Tengah,22746128B32217084331074
147,Wonosobo,Jawa Tengah,22746128B92173297199140
148,Bangkalan,Jawa Timur,22746128B23347682239441
149,Banyuwangi,Jawa Timur,22746128B51270543903443
150,Blitar,Jawa Timur,22746128B45235083091424
151,Bojonegoro,Jawa Timur,22746128B62232019301027
152,Bondowoso,Jawa Timur,22746128B61555758059649
153,Gresik,Jawa Timur,22746128B46933486274006
154,Jember,Jawa Timur,22746128B56085237319005
155,Jombang,Jawa Timur,22746128B39847330151566
156,Kediri,Jawa Timur,22746128B82286187836997
157,Kota Batu,Jawa Timur,22746128B69457994360094
158,Kota Blitar,Jawa Timur,22746128B15123001204790
159,Kota Kediri,Jawa Timur,22746128B79918158306090
160,Kota Madiun,Jawa Timur,22746128B30166819315055
161,Kota Malang,Jawa Timur,22746128B9724218643478
162,Kota Mojokerto,Jawa Timur,22746128B53956788697299
163,Kota Pasuruan,Jawa Timur,22746128B86769429493629
164,Kota Probolinggo,Jawa Timur,22746128B48742890195125
165,Kota Surabaya,Jawa Timur,22746128B68603538827891
166,Lamongan,Jawa Timur,22746128B62762388436916
167,Lumajang,Jawa Timur,22746128B76070527787319
168,Madiun,Jawa Timur,22746128B56340035124164
169,Magetan,Jawa Timur,22746128B43524249433579
170,Malang,Jawa Timur,22746128B8866265958554
171,Mojokerto,Jawa Timur,22746128B795310620233
172,Nganjuk,Jawa Timur,22746128B46559606025688
173,Ngawi,Jawa Timur,22746128B17210029520680
174,Pacitan,Jawa Timur,22746128B46377021687256
175,Pamekasan,Jawa Timur,22746128B37926964335633
176,Pasuruan,Jawa Timur,22746128B81373906315979
177,Ponorogo,Jawa Timur,22746128B39928875112308
178,Probolinggo,Jawa Timur,22746128B57336658570108
179,Sampang,Jawa Timur,22746128B2542813239591
180,Sidoarjo,Jawa Timur,22746128B7257810863239
181,Situbondo,Jawa Timur,22746128B65817775308435
182,Sumenep,Jawa Timur,22746128B46307112426649
183,Trenggalek,Jawa Timur,22746128B86316028646138
184,Tuban,Jawa Timur,22746128B21203406788524
185,Tulungagung,Jawa Timur,22746128B2754392863745
186,Bengkayang,Kalimantan Barat,22746128B96004883426087
187,Kapuas Hulu,Kalimantan Barat,22746128B82886709098386
188,Kayong Utara,Kalimantan Barat,22746128B56151469580770
189,Ketapang,Kalimantan Barat,22746128B56277764926455
190,Kota Pontianak,Kalimantan Barat,22746128B68403360613456
191,Kota Singkawang,Kalimantan Barat,22746128B18670307275317
192,Kubu Raya,Kalimantan Barat,22746128B69090577702614
193,Landak,Kalimantan Barat,22746128B55433427549228
194,Melawi,Kalimantan Barat,22746128B3341090541732
195,Mempawah,Kalimantan Barat,22746128B13218426778114
196,Sambas,Kalimantan Barat,22746128B87993072617697
197,Sanggau,Kalimantan Barat,22746128B74989070523542
198,Sekadau,Kalimantan Barat,22746128B16160803458764
199,Sintang,Kalimantan Barat,22746128B74245273608062
200,Balangan,Kalimantan Selatan,22746128B67876608948387
201,Banjar,Kalimantan Selatan,22746128B79736905882971
202,Barito Kuala,Kalimantan Selatan,22746128B88870484763637
203,Hulu Sungai Selatan,Kalimantan Selatan,22746128B37889128386884
204,Hulu Sungai Tengah,Kalimantan Selatan,22746128B20472072190374
205,Hulu Sungai Utara,Kalimantan Selatan,22746128B21492383155838
206,Kota Banjar Baru,Kalimantan Selatan,22746128B6711072078761
207,Kota Banjarmasin,Kalimantan Selatan,22746128B37126944555810
208,Kota Baru,Kalimantan Selatan,22746128B85816588264471
209,Tabalong,Kalimantan Selatan,22746128B29828162207979
210,Tanah Bumbu,Kalimantan Selatan,22746128B5843223707622
211,Tanah Laut,Kalimantan Selatan,22746128B54914598899185
212,Tapin,Kalimantan Selatan,22746128B54842505361870
213,Barito Selatan,Kalimantan Tengah,22746128B74191069780867
214,Barito Timur,Kalimantan Tengah,22746128B29529230943245
215,Barito Utara,Kalimantan Tengah,22746128B89680104320053
216,Gunung Mas,Kalimantan Tengah,22746128B12491014044373
217,Kapuas,Kalimantan Tengah,22746128B40136746216216
218,Katingan,Kalimantan Tengah,22746128B40819362853427
219,Kota Palangka Raya,Kalimantan Tengah,22746128B5087893857208
220,Kotawaringin Barat,Kalimantan Tengah,22746128B93777795819955
221,Kotawaringin Timur,Kalimantan Tengah,22746128B94284518008212
222,Lamandau,Kalimantan Tengah,22746128B62127435888540
223,Murung Raya,Kalimantan Tengah,22746128B54866510421393
224,Pulang Pisau,Kalimantan Tengah,22746128B75083695068268
225,Seruyan,Kalimantan Tengah,22746128B10156150641021
226,Sukamara,Kalimantan Tengah,22746128B44365111458704
227,Berau,Kalimantan Timur,22746128B34069275840087
228,Kota Balikpapan,Kalimantan Timur,22746128B66626446070966
229,Kota Bontang,Kalimantan Timur,22746128B2679722836886
230,Kota Samarinda,Kalimantan Timur,22746128B87893249930832
231,Kutai Barat,Kalimantan Timur,22746128B93368126922918
232,Kutai Kartanegara,Kalimantan Timur,22746128B55621143702768
233,Kutai Timur,Kalimantan Timur,22746128B75924443266043
234,Mahakam Hulu,Kalimantan Timur,22746128B30313932055345
235,Paser,Kalimantan Timur,22746128B17746000623405
236,Penajam Paser Utara,Kalimantan Timur,22746128B96540112180119
237,Bulungan,Kalimantan Utara,22746128B10941975158621
238,Kota Tarakan,Kalimantan Utara,22746128B97983454808676
239,Malinau,Kalimantan Utara,22746128B54632748429230
240,Nunukan,Kalimantan Utara,22746128B24707766174966
241,Tana Tidung,Kalimantan Utara,22746128B22343651246279
242,Bintan,Kepulauan Riau,22746128B62804497316712
243,Karimun,Kepulauan Riau,22746128B38340908247842
244,Kepulauan Anambas,Kepulauan Riau,22746128B99951880476592
245,Kota Batam,Kepulauan Riau,22746128B16651418017337
246,Kota Tanjung Pinang,Kepulauan Riau,22746128B73074683492420
247,Lingga,Kepulauan Riau,22746128B41866695352092
248,Natuna,Kepulauan Riau,22746128B6637644559706
249,Kota Bandar Lampung,Lampung,22746128B13880384963573
250,Kota Metro,Lampung,22746128B64737377738458
251,Lampung Barat,Lampung,22746128B74428971192525
252,Lampung Selatan,Lampung,22746128B4401734887211
253,Lampung Tengah,Lampung,22746128B57273633041967
254,Lampung Timur,Lampung,22746128B49036162018248
255,Lampung Utara,Lampung,22746128B16659764843822
256,Mesuji,Lampung,22746128B5734020897269
257,Pesawaran,Lampung,22746128B94381737455512
258,Pesisir Barat,Lampung,22746128B87029922352837
259,Pringsewu,Lampung,22746128B80903663444835
260,Tanggamus,Lampung,22746128B69666188283297
261,Tulang Bawang Barat,Lampung,22746128B7348236235073
262,Tulangbawang,Lampung,22746128B49188423555547
263,Way Kanan,Lampung,22746128B8708218473228
264,Buru,Maluku,22746128B29167244459072
265,Buru Selatan,Maluku,22746128B90083339512512
266,Kepulauan Aru,Maluku,22746128B17511076551422
267,Kota Ambon,Maluku,22746128B58388026658287
268,Kota Tual,Maluku,22746128B79752231805890
269,Maluku Barat Daya,Maluku,22746128B88480653802061
270,Maluku Tengah,Maluku,22746128B41463091507887
271,Maluku Tenggara,Maluku,22746128B6545713511337
272,Maluku Tenggara Barat,Maluku,22746128B78864950196660
273,Seram Bagian Barat,Maluku,22746128B92585048181027
274,Seram Bagian Timur,Maluku,22746128B38603798591380
275,Halmahera Barat,Maluku Utara,22746128B52341022582766
276,Halmahera Selatan,Maluku Utara,22746128B2838702785556
277,Halmahera Tengah,Maluku Utara,22746128B46636453933041
278,Halmahera Timur,Maluku Utara,22746128B70343351071090
279,Halmahera Utara,Maluku Utara,22746128B41252486574655
280,Kepulauan Sula,Maluku Utara,22746128B81791072961966
281,Kota Ternate,Maluku Utara,22746128B36781349389855
282,Kota Tidore Kepulauan,Maluku Utara,22746128B24002479708791
283,Pulau Morotai,Maluku Utara,22746128B67952855762127
284,Pulau Taliabu,Maluku Utara,22746128B98781354669228
285,Bima,Nusa Tenggara Barat,22746128B14082340634491
286,Dompu,Nusa Tenggara Barat,22746128B31420255543838
287,Kota Bima,Nusa Tenggara Barat,22746128B33789977192923
288,Kota Mataram,Nusa Tenggara Barat,22746128B34810169298981
289,Lombok Barat,Nusa Tenggara Barat,22746128B38668827904245
290,Lombok Tengah,Nusa Tenggara Barat,22746128B98880758851169
291,Lombok Timur,Nusa Tenggara Barat,22746128B55307338459902
292,Lombok Utara,Nusa Tenggara Barat,22746128B90862663975631
293,Sumbawa,Nusa Tenggara Barat,22746128B848155691224
294,Sumbawa Barat,Nusa Tenggara Barat,22746128B87271379033569
295,Alor,Nusa Tenggara Timur,22746128B1117135414899
296,Belu,Nusa Tenggara Timur,22746128B36840991830224
297,Ende,Nusa Tenggara Timur,22746128B46201528673681
298,Flores Timur,Nusa Tenggara Timur,22746128B68993103553012
299,Kota Kupang,Nusa Tenggara Timur,22746128B56606429525327
300,Kupang,Nusa Tenggara Timur,22746128B27765258797580
301,Lembata,Nusa Tenggara Timur,22746128B62947944336237
302,Malaka,Nusa Tenggara Timur,22746128B56140662064287
303,Manggarai,Nusa Tenggara Timur,22746128B41361424069199
304,Manggarai Barat,Nusa Tenggara Timur,22746128B27819456459641
305,Manggarai Timur,Nusa Tenggara Timur,22746128B57997288446056
306,Nagekeo,Nusa Tenggara Timur,22746128B97494513966687
307,Ngada,Nusa Tenggara Timur,22746128B33181363193361
308,Rote Ndao,Nusa Tenggara Timur,22746128B61006797400672
309,Sabu Raijua,Nusa Tenggara Timur,22746128B67076907647447
310,Sikka,Nusa Tenggara Timur,22746128B25889265457696
311,Sumba Barat,Nusa Tenggara Timur,22746128B3578697728098
312,Sumba Barat Daya,Nusa Tenggara Timur,22746128B80160169684098
313,Sumba Tengah,Nusa Tenggara Timur,22746128B11743482298506
314,Sumba Timur,Nusa Tenggara Timur,22746128B15873256673931
315,Timor Tengah Selatan,Nusa Tenggara Timur,22746128B39495189442435
316,Timor Tengah Utara,Nusa Tenggara Timur,22746128B66987763142599
317,Asmat,Papua,22746128B62198228854475
318,Biak Numfor,Papua,22746128B19254678251292
319,Boven Digoel,Papua,22746128B21273779065212
320,Deiyai,Papua,22746128B51921656212420
321,Dogiyai,Papua,22746128B76462588476684
322,Intan Jaya,Papua,22746128B83440404091664
323,Jayapura,Papua,22746128B71103770185906
324,Jayawijaya,Papua,22746128B40741333574981
325,Keerom,Papua,22746128B17774751253690
326,Kepulauan Yapen,Papua,22746128B96094928872069
327,Kota Jayapura,Papua,22746128B85346986276333
328,Lanny Jaya,Papua,22746128B21145180666794
329,Mamberamo Raya,Papua,22746128B39960960221771
330,Mamberamo Tengah,Papua,22746128B2349164731379
331,Mappi,Papua,22746128B63262525003276
332,Merauke,Papua,22746128B65756496772256
333,Mimika,Papua,22746128B99426029309213
334,Nabire,Papua,22746128B29146649309875
335,Nduga,Papua,22746128B7624163664321
336,Paniai,Papua,22746128B72382312298600
337,Pegunungan Bintang,Papua,22746128B40289792856685
338,Puncak,Papua,22746128B1222572676249
339,Puncak Jaya,Papua,22746128B50358350022934
340,Sarmi,Papua,22746128B27261093121909
341,Supiori,Papua,22746128B73598541988454
342,Tolikara,Papua,22746128B10432975654062
343,Waropen,Papua,22746128B12986554349068
344,Yahukimo,Papua,22746128B87177062694316
345,Yalimo,Papua,22746128B10188501962211
346,Fakfak,Papua Barat,22746128B79106566109504
347,Kaimana,Papua Barat,22746128B93097528927367
348,Kota Sorong,Papua Barat,22746128B11366688050704
349,Manokwari,Papua Barat,22746128B58641314112332
350,Manokwari Selatan,Papua Barat,22746128B90822416479405
351,Maybrat,Papua Barat,22746128B44891092584435
352,Pegunungan Arfak,Papua Barat,22746128B30560862468368
353,Raja Ampat,Papua Barat,22746128B90221566890304
354,Sorong,Papua Barat,22746128B25112391877259
355,Sorong Selatan,Papua Barat,22746128B99267537228675
356,Tambrauw,Papua Barat,22746128B68810971865676
357,Teluk Bintuni,Papua Barat,22746128B11480476919105
358,Teluk Wondama,Papua Barat,22746128B47515282892276
359,Bengkalis,Riau,22746128B45456061674897
360,Indragiri Hilir,Riau,22746128B36468792556341
361,Indragiri Hulu,Riau,22746128B72920479258091
362,Kampar,Riau,22746128B8837306932395
363,Kepulauan Meranti,Riau,22746128B32802105420608
364,Kota Dumai,Riau,22746128B18875576502901
365,Kota Pekanbaru,Riau,22746128B3549150233660
366,Kuantan Singingi,Riau,22746128B8182037452639
367,Pelalawan,Riau,22746128B44055596539945
368,Rokan Hilir,Riau,22746128B71759944188311
369,Rokan Hulu,Riau,22746128B35208725321264
370,Siak,Riau,22746128B48036345674071
371,Majene,Sulawesi Barat,22746128B56869239776422
372,Mamasa,Sulawesi Barat,22746128B65559589019405
373,Mamuju,Sulawesi Barat,22746128B65468173429736
374,Mamuju Tengah,Sulawesi Barat,22746128B49136567123703
375,Mamuju Utara,Sulawesi Barat,22746128B5634485200629
376,Polewali Mandar,Sulawesi Barat,22746128B50766380968306
377,Bantaeng,Sulawesi Selatan,22746128B71175962379658
378,Barru,Sulawesi Selatan,22746128B81694843903641
379,Bone,Sulawesi Selatan,22746128B25468135680533
380,Bulukumba,Sulawesi Selatan,22746128B72639885395673
381,Enrekang,Sulawesi Selatan,22746128B73854324401708
382,Gowa,Sulawesi Selatan,22746128B57887954309635
383,Jeneponto,Sulawesi Selatan,22746128B64050318598962
384,Kepulauan Selayar,Sulawesi Selatan,22746128B1615833901652
385,Kota Makassar,Sulawesi Selatan,22746128B73854317646589
386,Kota Palopo,Sulawesi Selatan,22746128B54354608226928
387,Kota Parepare,Sulawesi Selatan,22746128B37987509465042
388,Luwu,Sulawesi Selatan,22746128B94521952332625
389,Luwu Timur,Sulawesi Selatan,22746128B1110744719374
390,Luwu Utara,Sulawesi Selatan,22746128B26232805086319
391,Maros,Sulawesi Selatan,22746128B73491405172020
392,Pangkajene Dan Kepulauan,Sulawesi Selatan,22746128B84288456023840
393,Pinrang,Sulawesi Selatan,22746128B71783882222616
394,Sidenreng Rappang,Sulawesi Selatan,22746128B89870320898123
395,Sinjai,Sulawesi Selatan,22746128B62270956264702
396,Soppeng,Sulawesi Selatan,22746128B93867843889604
397,Takalar,Sulawesi Selatan,22746128B33549586615312
398,Tana Toraja,Sulawesi Selatan,22746128B55477646801661
399,Toraja Utara,Sulawesi Selatan,22746128B99951949618583
400,Wajo,Sulawesi Selatan,22746128B4429389080756
401,Banggai,Sulawesi Tengah,22746128B48169474795911
402,Banggai Kepulauan,Sulawesi Tengah,22746128B2571336805106
403,Banggai Laut,Sulawesi Tengah,22746128B78411617556279
404,Buol,Sulawesi Tengah,22746128B60636029206407
405,Donggala,Sulawesi Tengah,22746128B11403753934380
406,Kota Palu,Sulawesi Tengah,22746128B23229204425516
407,Morowali,Sulawesi Tengah,22746128B26432903559283
408,Morowali Utara,Sulawesi Tengah,22746128B96188894812390
409,Parigi Moutong,Sulawesi Tengah,22746128B5854376167403
410,Poso,Sulawesi Tengah,22746128B71918225941207
411,Sigi,Sulawesi Tengah,22746128B27078250924142
412,Tojo Una-Una,Sulawesi Tengah,22746128B20933115656615
413,Toli-Toli,Sulawesi Tengah,22746128B86630799177927
414,Bombana,Sulawesi Tenggara,22746128B28760414544557
415,Buton,Sulawesi Tenggara,22746128B86741169633217
416,Buton Selatan,Sulawesi Tenggara,22746128B94245100908076
417,Buton Tengah,Sulawesi Tenggara,22746128B6718763508294
418,Buton Utara,Sulawesi Tenggara,22746128B51044624823813
419,Kolaka,Sulawesi Tenggara,22746128B69202393010200
420,Kolaka Timur,Sulawesi Tenggara,22746128B88028223529334
421,Kolaka Utara,Sulawesi Tenggara,22746128B11198700179718
422,Konawe,Sulawesi Tenggara,22746128B78249855862414
423,Konawe Kepulauan,Sulawesi Tenggara,22746128B22870517920414
424,Konawe Selatan,Sulawesi Tenggara,22746128B90195550492320
425,Konawe Utara,Sulawesi Tenggara,22746128B68991025063444
426,Kota Baubau,Sulawesi Tenggara,22746128B66779214231616
427,Kota Kendari,Sulawesi Tenggara,22746128B80961359079738
428,Muna,Sulawesi Tenggara,22746128B70372019871554
429,Muna Barat,Sulawesi Tenggara,22746128B23924471266348
430,Wakatobi,Sulawesi Tenggara,22746128B42553963392557
431,Bolaang Mongondow,Sulawesi Utara,22746128B99982169683342
432,Bolaang Mongondow Selatan,Sulawesi Utara,22746128B14720240696101
433,Bolaang Mongondow Timur,Sulawesi Utara,22746128B26195600949416
434,Bolaang Mongondow Utara,Sulawesi Utara,22746128B96389329417801
435,Kepulauan Sangihe,Sulawesi Utara,22746128B28296608330436
436,Kepulauan Talaud,Sulawesi Utara,22746128B45484540858108
437,Kota Bitung,Sulawesi Utara,22746128B20507278995893
438,Kota Kotamobagu,Sulawesi Utara,22746128B93986330379000
439,Kota Manado,Sulawesi Utara,22746128B83673204362612
440,Kota Tomohon,Sulawesi Utara,22746128B12552284418793
441,Minahasa,Sulawesi Utara,22746128B63895215577583
442,Minahasa Selatan,Sulawesi Utara,22746128B98133955192071
443,Minahasa Tenggara,Sulawesi Utara,22746128B38105670760260
444,Minahasa Utara,Sulawesi Utara,22746128B90516172699691
445,Siau Tagulandang Biaro,Sulawesi Utara,22746128B24839603722983
446,Agam,Sumatera Barat,22746128B89220130199878
447,Dharmasraya,Sumatera Barat,22746128B7219534805401
448,Kepulauan Mentawai,Sumatera Barat,22746128B86355072671334
449,Kota Bukittinggi,Sumatera Barat,22746128B12322141134935
450,Kota Padang,Sumatera Barat,22746128B51925287869213
451,Kota Padang Panjang,Sumatera Barat,22746128B34977061629525
452,Kota Pariaman,Sumatera Barat,22746128B94413576870843
453,Kota Payakumbuh,Sumatera Barat,22746128B75816793285642
454,Kota Sawah Lunto,Sumatera Barat,22746128B93370341632229
455,Kota Solok,Sumatera Barat,22746128B30699524960223
456,Lima Puluh Kota,Sumatera Barat,22746128B97954273808268
457,Padang Pariaman,Sumatera Barat,22746128B3683779023382
458,Pasaman,Sumatera Barat,22746128B82897046958257
459,Pasaman Barat,Sumatera Barat,22746128B95220206981522
460,Pesisir Selatan,Sumatera Barat,22746128B35993392452682
461,Sijunjung,Sumatera Barat,22746128B5140836931072
462,Solok,Sumatera Barat,22746128B59065860162276
463,Solok Selatan,Sumatera Barat,22746128B25846553351835
464,Tanah Datar,Sumatera Barat,22746128B43985885623603
465,Banyu Asin,Sumatera Selatan,22746128B71070720422540
466,Empat Lawang,Sumatera Selatan,22746128B47089116764549
467,Kota Lubuklinggau,Sumatera Selatan,22746128B74548717001691
468,Kota Pagar Alam,Sumatera Selatan,22746128B19740076763731
469,Kota Palembang,Sumatera Selatan,22746128B87825164980488
470,Kota Prabumulih,Sumatera Selatan,22746128B13695709263199
471,Lahat,Sumatera Selatan,22746128B84107388414918
472,Muara Enim,Sumatera Selatan,22746128B32446581498560
473,Musi Banyuasin,Sumatera Selatan,22746128B84212736337013
474,Musi Rawas,Sumatera Selatan,22746128B56500782521831
475,Musi Rawas Utara,Sumatera Selatan,22746128B26074251210079
476,Ogan Ilir,Sumatera Selatan,22746128B50783491652131
477,Ogan Komering Ilir,Sumatera Selatan,22746128B6554957987252
478,Ogan Komering Ulu,Sumatera Selatan,22746128B55651065226017
479,Ogan Komering Ulu Selatan,Sumatera Selatan,22746128B38683854456350
480,Ogan Komering Ulu Timur,Sumatera Selatan,22746128B29719145941035
481,Penukal Abab Lematang Ilir,Sumatera Selatan,22746128B2393542990028
482,Asahan,Sumatera Utara,22746128B26461090721788
483,Batu Bara,Sumatera Utara,22746128B96384374000902
484,Dairi,Sumatera Utara,22746128B7455670127099
485,Deli Serdang,Sumatera Utara,22746128B17104196518473
486,Humbang Hasundutan,Sumatera Utara,22746128B305851071948
487,Karo,Sumatera Utara,22746128B49947212525753
488,Kota Binjai,Sumatera Utara,22746128B66679629138785
489,Kota Gunungsitoli,Sumatera Utara,22746128B74256869593133
490,Kota Medan,Sumatera Utara,22746128B40654739963843
491,Kota Padangsidimpuan,Sumatera Utara,22746128B81378642761445
492,Kota Pematang Siantar,Sumatera Utara,22746128B46755595316405
493,Kota Sibolga,Sumatera Utara,22746128B47009036461165
494,Kota Tanjung Balai,Sumatera Utara,22746128B91306693093612
495,Kota Tebing Tinggi,Sumatera Utara,22746128B29639616204280
496,Labuhan Batu,Sumatera Utara,22746128B75065966155231
497,Labuhan Batu Selatan,Sumatera Utara,22746128B23995987640193
498,Labuhan Batu Utara,Sumatera Utara,22746128B7095356521044
499,Langkat,Sumatera Utara,22746128B45262154134474
500,Mandailing Natal,Sumatera Utara,22746128B80893459197040
501,Nias,Sumatera Utara,22746128B114560941686
502,Nias Barat,Sumatera Utara,22746128B23007358779926
503,Nias Selatan,Sumatera Utara,22746128B70987165350034
504,Nias Utara,Sumatera Utara,22746128B50601239773602
505,Padang Lawas,Sumatera Utara,22746128B18337582481574
506,Padang Lawas Utara,Sumatera Utara,22746128B6160471216736
507,Pakpak Bharat,Sumatera Utara,22746128B12751431115951
508,Samosir,Sumatera Utara,22746128B81816662901100
509,Serdang Bedagai,Sumatera Utara,22746128B52277249956552
510,Simalungun,Sumatera Utara,22746128B18371020983209
511,Tapanuli Selatan,Sumatera Utara,22746128B22210082667393
512,Tapanuli Tengah,Sumatera Utara,22746128B86210793324026
513,Tapanuli Utara,Sumatera Utara,22746128B99937545443202
514,Toba Samosir,Sumatera Utara,22746128B48431928866564
