id,sites,chargers,connectors,kw,pln,nonpln,available,offline,maxkw
3171010001,1,3,3,66.0,1,0,1,0,22.0
3171010002,1,3,3,66.0,1,0,1,0,22.0
3171010003,1,2,2,44.0,1,0,1,0,22.0
3171010005,3,5,5,95.0,2,1,2,1,22.0
3171010006,5,8,13,264.0,3,2,3,2,60.0
3171020001,10,21,25,756.0,5,5,5,5,120.0
3171020002,3,3,6,202.0,1,2,1,2,120.0
3171020003,3,6,6,132.0,1,2,1,2,22.0
3171020005,1,2,2,44.0,1,0,1,0,22.0
3171020006,5,7,10,494.0,4,1,4,1,180.0
3171020007,4,8,13,544.0,3,1,3,1,120.0
3171030001,4,7,7,124.8,2,2,2,2,22.0
3171030002,2,4,4,88.0,1,1,1,1,22.0
3171030003,12,18,20,397.4,3,9,2,10,50.0
3171030005,2,2,2,29.0,0,2,0,2,22.0
3171040001,2,4,4,88.0,1,1,1,1,22.0
3171040003,1,2,2,44.0,0,1,0,1,22.0
3171040004,1,1,1,22.0,0,1,0,1,22.0
3171050001,9,12,17,482.8,3,6,3,6,120.0
3171050002,2,2,2,29.0,0,2,0,2,22.0
3171050003,2,4,4,88.0,0,2,0,2,22.0
3171050004,1,2,2,44.0,0,1,0,1,22.0
3171050005,4,6,6,91.8,0,4,0,4,22.0
3171050006,10,27,30,917.0,5,5,5,5,200.0
3171060001,1,4,8,240.0,1,0,1,0,60.0
3171060002,1,2,3,80.0,0,1,0,1,40.0
3171060005,2,7,12,644.0,1,1,1,1,120.0
3171060006,1,3,3,66.0,0,1,0,1,22.0
3171060007,6,12,18,912.0,5,1,5,1,180.0
3171060008,7,15,22,814.0,6,1,6,1,200.0
3171060010,21,45,57,1706.0,4,17,3,18,120.0
3171070001,4,6,11,236.0,1,3,0,4,60.0
3171070003,4,4,4,73.0,0,4,0,4,22.0
3171070004,2,6,8,117.0,1,1,0,2,22.0
3171070005,4,7,8,230.0,1,3,1,3,120.0
3171080001,4,6,7,140.8,1,3,1,3,60.0
3171080002,2,3,4,164.0,0,2,0,2,120.0
3171080003,4,5,10,264.0,3,1,2,2,120.0
3171080004,6,10,12,246.8,2,4,2,4,50.0
3171080005,1,3,3,66.0,1,0,1,0,22.0
3171090001,14,20,24,712.0,7,7,7,7,120.0
3171090002,6,9,11,334.0,3,3,3,3,120.0
3171090003,3,5,19,1184.0,2,1,2,1,480.0
3171090004,2,2,4,82.0,1,1,1,1,60.0
3171090006,1,1,2,60.0,1,0,1,0,60.0
3171100001,9,20,21,476.0,0,9,0,9,40.0
3171100002,31,60,70,2058.0,5,26,5,26,200.0
3171100003,19,34,39,1181.0,4,15,4,15,120.0
3171100004,10,18,21,500.0,0,10,0,10,60.0
3171100005,3,5,7,502.0,2,1,2,1,120.0
3171100006,1,1,2,120.0,1,0,1,0,120.0
3171100007,2,3,4,91.0,1,1,1,1,47.0
3171100008,6,17,21,755.0,0,6,0,6,120.0
3172010001,2,2,3,202.0,2,0,2,0,180.0
3172010003,1,1,1,22.0,1,0,1,0,22.0
3172010004,1,1,2,180.0,1,0,1,0,180.0
3172020002,2,4,4,88.0,2,0,2,0,22.0
3172020003,7,9,13,791.0,5,2,5,2,200.0
3172020004,1,1,1,200.0,1,0,1,0,200.0
3172030001,1,2,2,44.0,1,0,1,0,22.0
3172030003,1,6,13,360.0,1,0,1,0,60.0
3172030004,2,7,12,1222.0,2,0,2,0,200.0
3172030005,1,4,5,200.0,1,0,1,0,50.0
3172030006,1,1,1,22.0,0,1,0,1,22.0
3172040001,4,11,21,1290.0,3,1,3,1,200.0
3172040003,2,2,2,44.0,1,1,1,1,22.0
3172040004,8,11,13,716.0,5,3,5,3,200.0
3172040005,2,4,4,88.0,2,0,2,0,22.0
3172050004,1,2,2,44.0,0,1,0,1,22.0
3172050005,7,8,13,287.79999999999995,5,2,3,4,120.0
3172050006,2,4,4,73.0,2,0,2,0,22.0
3172050007,9,14,18,662.0,6,3,6,3,180.0
3172060001,7,11,13,391.4,3,4,3,4,180.0
3172060002,3,5,6,344.0,2,1,2,1,100.0
3172060003,4,8,9,202.8,1,3,1,3,50.0
3172060007,7,9,12,485.0,5,2,5,2,120.0
3172070001,4,6,8,290.0,4,0,4,0,180.0
3172070002,8,8,10,267.4,4,4,4,4,120.0
3172070003,6,13,15,256.8,5,1,4,2,22.0
3172070004,2,3,4,224.0,2,0,2,0,180.0
3172070007,1,1,1,22.0,0,1,0,1,22.0
3172080001,3,4,8,440.0,3,0,3,0,120.0
3172080003,6,10,13,574.0,6,0,6,0,180.0
3172080004,1,1,2,180.0,1,0,1,0,180.0
3172080005,4,6,13,900.0,4,0,3,1,180.0
3172080006,4,7,11,441.4,2,2,2,2,120.0
3172080007,2,2,5,170.0,2,0,2,0,120.0
3172090005,5,9,14,577.0,2,3,2,3,120.0
3172100001,1,2,2,44.0,1,0,1,0,22.0
3172100002,1,1,1,22.0,1,0,1,0,22.0
3172100006,2,2,3,29.0,1,1,1,1,22.0
3173010001,20,45,68,2654.0,3,17,3,17,360.0
3173010002,5,8,11,244.0,3,2,2,3,50.0
3173010003,10,17,22,512.0,2,8,1,9,120.0
3173010004,8,37,41,717.0,0,8,0,8,50.0
3173010005,3,3,4,144.0,0,3,0,3,100.0
3173010007,1,1,1,22.0,0,1,0,1,22.0
3173020001,3,4,4,88.0,1,2,1,2,22.0
3173020002,4,7,7,139.0,1,3,0,4,22.0
3173020003,2,2,3,122.0,1,1,1,1,100.0
3173020004,9,16,18,428.0,1,8,1,8,60.0
3173020005,10,16,18,444.0,2,8,2,8,120.0
3173030001,2,4,4,88.0,2,0,2,0,22.0
3173030002,3,5,7,148.0,1,2,1,2,60.0
3173030005,3,6,6,132.0,0,3,0,3,22.0
3173050001,2,4,4,58.8,0,2,0,2,22.0
3173050002,6,10,15,433.0,3,3,3,3,120.0
3173060006,2,2,2,44.0,0,2,0,2,22.0
3173060007,1,2,2,22.0,0,1,0,1,11.0
3173060008,8,9,14,506.0,4,4,3,5,180.0
3173070001,3,3,5,202.0,1,2,1,2,120.0
3173070002,3,6,6,132.0,1,2,1,2,22.0
3173070005,5,7,10,356.0,2,3,2,3,120.0
3173080001,1,1,1,7.4,0,1,0,1,7.4
3173080002,1,1,1,7.0,0,1,0,1,7.0
3173080003,18,27,42,1730.0,14,4,14,4,200.0
3173080004,4,6,6,110.0,0,4,0,4,22.0
3173080005,3,5,7,122.0,3,0,2,1,25.0
3174010001,1,1,1,7.4,0,1,0,1,7.4
3174010002,3,7,8,154.0,3,0,3,0,22.0
3174010003,2,5,5,110.0,2,0,2,0,22.0
3174010004,1,2,2,44.0,1,0,1,0,22.0
3174010005,10,17,19,554.8,3,7,3,7,120.0
3174010006,1,2,2,44.0,1,0,0,1,22.0
3174020002,3,3,4,104.0,1,2,1,2,60.0
3174020003,3,5,7,189.0,3,0,2,1,60.0
3174020004,3,4,4,88.0,3,0,2,1,22.0
3174020005,3,5,7,291.0,0,3,0,3,120.0
3174020006,3,3,4,209.0,1,2,1,2,180.0
3174020007,5,7,8,162.8,2,3,2,3,60.0
3174030002,5,10,10,119.0,0,5,0,5,22.0
3174030003,5,8,9,274.0,3,2,3,2,120.0
3174030005,3,6,7,132.0,1,2,1,2,22.0
3174040001,1,2,3,240.0,1,0,1,0,120.0
3174040002,6,6,15,277.0,0,6,0,6,60.0
3174040003,5,8,10,372.0,1,4,1,4,120.0
3174040006,3,4,6,264.0,1,2,1,2,120.0
3174040007,1,1,1,22.0,0,1,0,1,22.0
3174050006,2,3,4,104.0,0,2,0,2,60.0
3174050011,1,1,1,11.0,0,1,0,1,11.0
3174060002,2,3,3,51.4,0,2,0,2,22.0
3174060005,3,4,6,344.0,2,1,2,1,180.0
3174060007,1,2,2,44.0,0,1,0,1,22.0
3174060008,3,5,5,95.0,1,2,1,2,22.0
3174070001,6,10,13,163.0,3,3,3,3,25.0
3174070002,2,4,4,88.0,0,2,0,2,22.0
3174070003,3,5,9,464.0,2,1,2,1,180.0
3174070004,1,2,2,44.0,1,0,1,0,22.0
3174070005,6,7,8,237.0,2,4,2,4,120.0
3174080002,4,8,8,176.0,2,2,2,2,22.0
3174080003,5,12,12,264.0,3,2,2,3,22.0
3174080004,2,4,4,88.0,2,0,1,1,22.0
3175010001,10,22,23,581.0,6,4,6,4,60.0
3175010002,6,14,15,317.0,4,2,4,2,25.0
3175010004,8,17,25,2621.0,5,3,5,3,480.0
3175010005,16,27,35,1642.4,4,12,4,12,180.0
3175020002,7,12,13,347.0,0,7,0,7,120.0
3175020003,2,6,8,115.0,0,2,0,2,60.0
3175030001,11,17,21,576.8,8,3,8,3,100.0
3175030002,6,10,16,688.0,6,0,6,0,120.0
3175030005,2,2,2,29.0,0,2,0,2,22.0
3175030006,6,13,22,1381.0,6,0,6,0,200.0
3175050001,18,30,48,2375.4,7,11,7,11,200.0
3175050002,5,6,10,439.0,3,2,3,2,120.0
3175050003,3,5,5,80.8,0,3,0,3,22.0
3175060001,1,2,3,100.0,1,0,1,0,50.0
3175060006,2,2,3,127.0,2,0,2,0,120.0
3175555888,2,3,6,480.0,1,1,1,1,180.0
3201021003,1,1,2,120.0,1,0,1,0,120.0
3201040012,1,2,2,44.0,1,0,1,0,22.0
3201050015,1,1,1,22.0,0,1,0,1,22.0
3201080016,1,1,1,22.0,1,0,1,0,22.0
3201100013,2,5,10,420.0,2,0,2,0,120.0
3201110002,3,3,3,66.0,3,0,3,0,22.0
3201110003,1,1,1,22.0,1,0,1,0,22.0
3201110007,1,1,1,22.0,1,0,1,0,22.0
3201110010,1,1,1,22.0,1,0,1,0,22.0
3201120004,1,1,1,22.0,1,0,1,0,22.0
3201120009,3,5,6,208.0,3,0,3,0,120.0
3201130003,2,2,2,44.0,0,2,0,2,22.0
3201130005,2,3,3,66.0,0,2,0,2,22.0
3201130006,2,2,2,18.0,0,2,0,2,11.0
3201130009,1,4,5,160.0,1,0,1,0,40.0
3201140002,1,2,2,44.0,1,0,1,0,22.0
3201140004,1,1,2,60.0,1,0,1,0,60.0
3201140006,2,3,5,247.0,1,1,1,1,120.0
3201140009,2,3,3,44.0,1,1,1,1,22.0
3201150006,1,1,1,22.0,1,0,1,0,22.0
3201170011,1,3,3,66.0,1,0,1,0,22.0
3201180016,1,2,2,44.0,1,0,1,0,22.0
3201180017,4,6,7,132.0,3,1,3,1,22.0
3201180018,1,1,2,120.0,1,0,1,0,120.0
3201180019,1,1,1,22.0,0,1,0,1,22.0
3201190001,1,1,1,7.0,1,0,1,0,7.0
3201190002,1,1,1,22.0,1,0,1,0,22.0
3201190004,1,1,1,22.0,1,0,1,0,22.0
3201190008,2,2,3,82.0,2,0,2,0,60.0
3201190009,2,3,4,164.0,2,0,1,1,120.0
3201210001,1,2,2,44.0,1,0,1,0,22.0
3201210003,1,1,2,120.0,1,0,1,0,120.0
3201210010,1,1,1,22.0,0,1,0,1,22.0
3201210011,1,1,1,7.0,0,1,0,1,7.0
3201210012,2,3,3,66.0,2,0,2,0,22.0
3201210013,1,1,2,120.0,1,0,0,1,120.0
3201220012,1,2,2,44.0,1,0,1,0,22.0
3201230007,1,1,1,22.0,1,0,0,1,22.0
3201230010,3,4,5,126.0,3,0,3,0,60.0
3201230014,1,1,1,22.0,1,0,1,0,22.0
3201231004,1,1,1,22.0,1,0,1,0,22.0
3201240011,1,1,1,7.0,0,1,0,1,7.0
3201250007,1,1,1,22.0,1,0,1,0,22.0
3201270013,1,2,2,44.0,1,0,1,0,22.0
3201300011,1,1,1,22.0,1,0,1,0,22.0
3202010006,1,1,1,22.0,1,0,1,0,22.0
3202110006,1,2,2,44.0,1,0,1,0,22.0
3202110007,1,1,1,22.0,1,0,1,0,22.0
3202110013,1,3,4,66.0,1,0,1,0,22.0
3202140009,1,2,2,44.0,1,0,1,0,22.0
3202170012,1,2,2,14.0,1,0,0,1,7.0
3202210010,1,2,2,44.0,1,0,0,1,22.0
3202230002,1,2,2,44.0,1,0,1,0,22.0
3202291002,1,2,2,44.0,1,0,1,0,22.0
3203020006,2,2,2,44.0,2,0,2,0,22.0
3203020008,1,1,1,7.0,1,0,1,0,7.0
3203060004,1,1,1,7.0,1,0,1,0,7.0
3203071009,1,1,1,7.0,1,0,1,0,7.0
3203090006,1,1,1,22.0,1,0,1,0,22.0
3203100002,1,1,1,7.0,1,0,1,0,7.0
3203110010,1,1,1,22.0,1,0,1,0,22.0
3203120003,1,1,1,22.0,1,0,1,0,22.0
3203130004,1,1,1,22.0,1,0,1,0,22.0
3203140007,1,1,1,22.0,1,0,1,0,22.0
3203170011,1,1,1,22.0,1,0,0,1,22.0
3203180010,1,1,1,22.0,1,0,1,0,22.0
3203190010,1,1,1,22.0,1,0,1,0,22.0
3203200001,1,1,1,22.0,1,0,1,0,22.0
3203200005,3,3,3,51.4,1,2,1,2,22.0
3203200006,1,2,3,44.0,1,0,1,0,22.0
3203200007,2,2,2,44.0,2,0,2,0,22.0
3203210009,1,1,1,7.0,1,0,1,0,7.0
3203221001,1,2,2,22.0,0,1,0,1,11.0
3203221002,3,3,4,93.0,2,1,2,1,60.0
3203221004,2,2,2,44.0,2,0,2,0,22.0
3203221005,1,4,4,88.0,1,0,1,0,22.0
3203221006,3,4,6,269.0,2,1,2,1,120.0
3203240012,1,1,1,7.0,1,0,1,0,7.0
3204010002,1,2,2,44.0,1,0,1,0,22.0
3204011004,1,2,2,44.0,1,0,1,0,22.0
3204020002,1,3,3,90.0,1,0,0,1,30.0
3204040010,1,1,1,22.0,1,0,1,0,22.0
3204070012,2,2,2,44.0,2,0,2,0,22.0
3204100009,1,1,1,22.0,1,0,1,0,22.0
3204101004,1,1,1,120.0,1,0,1,0,120.0
3204101006,1,3,3,66.0,1,0,1,0,22.0
3204110004,1,1,1,22.0,1,0,1,0,22.0
3204110005,1,2,2,14.8,0,1,0,1,7.4
3204130007,1,2,2,14.0,1,0,1,0,7.0
3204140003,3,4,4,58.0,3,0,3,0,22.0
3204150005,1,2,2,44.0,1,0,1,0,22.0
3204190003,1,2,2,44.0,1,0,1,0,22.0
3204190008,3,4,4,73.0,2,1,2,1,22.0
3204191006,1,1,1,7.0,1,0,1,0,7.0
3204280006,1,2,4,44.0,1,0,1,0,22.0
3205070001,1,2,2,44.0,1,0,1,0,22.0
3205160003,1,2,2,44.0,1,0,1,0,22.0
3205181004,1,1,1,22.0,1,0,1,0,22.0
3205181009,1,1,1,22.0,0,1,0,1,22.0
3205181010,2,6,8,147.0,2,0,2,0,25.0
3205182007,1,1,1,22.0,1,0,1,0,22.0
3205182012,4,7,7,139.0,3,1,3,1,22.0
3205190007,1,1,1,22.0,1,0,1,0,22.0
3205240008,1,2,2,44.0,1,0,1,0,22.0
3205290003,1,1,1,22.0,1,0,1,0,22.0
3205290007,1,2,3,400.0,1,0,1,0,200.0
3205310014,1,3,4,90.0,1,0,1,0,30.0
3206020007,1,1,1,22.0,1,0,0,1,22.0
3206190011,1,2,2,44.0,1,0,1,0,22.0
3206240004,1,2,2,44.0,1,0,1,0,22.0
3207210008,1,3,4,66.0,1,0,1,0,22.0
3208010008,1,1,1,7.0,1,0,1,0,7.0
3208130005,1,1,1,22.0,1,0,1,0,22.0
3208130006,2,2,3,62.0,2,0,2,0,40.0
3208140006,1,2,3,44.0,1,0,1,0,22.0
3208140010,1,1,1,22.0,1,0,1,0,22.0
3208170012,2,4,4,88.0,2,0,2,0,22.0
3208171009,1,1,1,22.0,1,0,1,0,22.0
3209020016,1,1,1,22.0,1,0,1,0,22.0
3209021005,9,23,42,3700.0,9,0,9,0,200.0
3209060015,1,1,1,7.0,1,0,1,0,7.0
3209090001,3,9,16,550.0,2,1,2,1,100.0
3209111002,1,1,1,22.0,1,0,1,0,22.0
3209120015,2,3,3,66.0,2,0,2,0,22.0
3209140024,1,1,1,7.0,0,1,0,1,7.0
3209162003,1,2,2,14.8,0,1,0,1,7.4
3209162005,1,1,1,22.0,1,0,1,0,22.0
3209162006,4,9,14,1004.0,4,0,4,0,180.0
3210070013,2,3,3,66.0,2,0,2,0,22.0
3210140011,1,7,14,350.0,1,0,1,0,50.0
3210140012,1,7,13,840.0,1,0,1,0,120.0
3210140016,1,1,1,22.0,1,0,1,0,22.0
3210170004,1,1,1,7.0,1,0,1,0,7.0
3210180003,1,2,2,44.0,1,0,1,0,22.0
3211010001,1,1,1,7.0,0,1,0,1,7.0
3211010008,1,1,3,60.0,1,0,1,0,60.0
3211010009,1,1,1,22.0,0,1,0,1,22.0
3211010010,2,3,3,66.0,2,0,2,0,22.0
3211010011,1,1,1,22.0,0,1,0,1,22.0
3211030015,1,2,2,44.0,1,0,1,0,22.0
3211050011,1,1,1,22.0,1,0,1,0,22.0
3211050012,1,1,1,22.0,1,0,1,0,22.0
3211060010,1,3,5,66.0,1,0,1,0,22.0
3211120008,1,1,1,7.0,1,0,1,0,7.0
3211160013,1,1,1,7.0,1,0,1,0,7.0
3212010013,1,1,1,22.0,1,0,1,0,22.0
3212011002,2,7,11,1400.0,2,0,2,0,200.0
3212130003,1,2,2,44.0,1,0,1,0,22.0
3212150010,2,2,2,29.4,1,1,1,1,22.0
3212150014,2,4,4,88.0,2,0,2,0,22.0
3212180007,1,1,1,22.0,1,0,1,0,22.0
3212190005,1,1,1,7.0,1,0,1,0,7.0
3213021002,1,1,1,22.0,0,1,0,1,22.0
3213070004,2,4,4,88.0,2,0,2,0,22.0
3213080016,2,2,3,222.0,2,0,2,0,200.0
3213081010,1,4,7,200.0,1,0,1,0,50.0
3213090008,1,2,3,100.0,1,0,1,0,50.0
3213140017,1,2,2,44.0,1,0,1,0,22.0
3213190006,1,3,3,66.0,1,0,1,0,22.0
3213190008,1,1,1,22.0,0,1,0,1,22.0
3214050002,1,2,2,44.0,1,0,1,0,22.0
3214050014,4,16,28,2800.0,2,2,2,2,200.0
3214060003,1,1,1,22.0,1,0,1,0,22.0
3214060014,1,1,2,60.0,1,0,1,0,60.0
3214100006,1,1,1,22.0,1,0,1,0,22.0
3214100007,2,6,8,132.0,2,0,2,0,22.0
3214100013,2,2,2,14.4,0,2,0,2,7.4
3214101004,2,7,10,154.0,2,0,2,0,22.0
3214112003,1,1,1,22.0,1,0,1,0,22.0
3214112007,1,1,1,7.0,0,1,0,1,7.0
3215020006,1,2,4,120.0,0,1,0,1,60.0
3215031004,1,2,2,44.0,1,0,1,0,22.0
3215031005,1,2,2,44.0,1,0,1,0,22.0
3215031006,5,8,8,149.8,4,1,3,2,25.0
3215031008,2,3,3,66.0,1,1,1,1,22.0
3215031009,1,1,1,22.0,1,0,0,1,22.0
3215032003,1,2,6,50.0,1,0,1,0,25.0
3215040007,2,6,11,960.0,1,1,1,1,200.0
3215040013,1,2,2,44.0,0,1,0,1,22.0
3215040014,1,4,4,88.0,1,0,0,1,22.0
3215050006,1,2,2,44.0,1,0,0,1,22.0
3215051001,1,5,8,1000.0,1,0,1,0,200.0
3215112002,1,2,2,44.0,1,0,1,0,22.0
3215112003,5,7,7,115.0,1,4,1,4,25.0
3215112005,1,1,1,7.0,0,1,0,1,7.0
3215113002,1,2,3,60.0,1,0,1,0,30.0
3215113003,2,5,5,110.0,2,0,2,0,22.0
3215113004,2,4,4,88.0,2,0,2,0,22.0
3215150006,1,2,2,44.0,1,0,1,0,22.0
3216010004,1,1,1,22.0,1,0,1,0,22.0
3216022002,1,1,1,22.0,1,0,1,0,22.0
3216022004,1,3,4,150.0,1,0,1,0,50.0
3216022005,2,8,16,960.0,0,2,0,2,120.0
3216023001,1,1,1,22.0,0,1,0,1,22.0
3216023005,5,6,6,132.0,1,4,1,4,22.0
3216023006,5,8,8,167.0,2,3,2,3,25.0
3216041001,1,1,1,7.0,0,1,0,1,7.0
3216061003,2,3,4,114.8,0,2,0,2,100.0
3216061005,2,3,3,66.0,1,1,1,1,22.0
3216061007,2,2,3,82.0,1,1,1,1,60.0
3216070016,1,1,1,7.0,0,1,0,1,7.0
3216071005,4,4,4,73.0,0,4,0,4,22.0
3216071007,1,1,1,22.0,0,1,0,1,22.0
3216071009,2,3,3,51.0,0,2,0,2,22.0
3216071011,1,1,1,22.0,1,0,1,0,22.0
3216081002,3,5,10,260.0,2,1,2,1,60.0
3216081004,1,1,1,22.0,0,1,0,1,22.0
3216081006,1,1,1,22.0,0,1,0,1,22.0
3216081009,1,4,4,88.0,1,0,1,0,22.0
3216090002,1,6,7,42.0,1,0,1,0,7.0
3216100001,2,4,4,88.0,0,2,0,2,22.0
3216100002,1,1,2,180.0,1,0,1,0,180.0
3217040008,1,2,2,44.0,1,0,1,0,22.0
3217060010,1,1,1,7.0,1,0,1,0,7.0
3217080004,1,1,1,7.0,1,0,1,0,7.0
3217080012,1,1,1,25.0,1,0,1,0,25.0
3217090003,1,1,1,25.0,1,0,1,0,25.0
3217090004,5,8,9,185.0,3,2,3,2,25.0
3217090007,1,1,1,22.0,1,0,1,0,22.0
3217100001,1,1,1,22.0,0,1,0,1,22.0
3217100002,1,1,1,7.0,0,1,0,1,7.0
3217120001,1,1,1,22.0,1,0,1,0,22.0
3217120006,2,2,2,44.0,2,0,2,0,22.0
3217120007,1,2,2,44.0,1,0,1,0,22.0
3217130004,1,1,1,7.0,1,0,1,0,7.0
3217140007,1,1,1,7.0,1,0,1,0,7.0
3218070001,1,1,1,22.0,1,0,0,1,22.0
3218070003,4,4,4,88.0,4,0,4,0,22.0
3218070004,1,3,4,66.0,1,0,0,1,22.0
3271010005,1,2,3,80.0,0,1,0,1,40.0
3271010008,1,2,3,80.0,0,1,0,1,40.0
3271020003,2,4,4,58.8,0,2,0,2,22.0
3271030001,4,5,7,351.0,3,1,3,1,180.0
3271030004,1,5,9,600.0,1,0,1,0,120.0
3271030008,2,2,2,52.0,2,0,2,0,30.0
3271040001,2,2,3,240.0,2,0,2,0,120.0
3271040004,2,7,8,310.0,1,1,0,2,100.0
3271040006,1,1,1,7.0,1,0,0,1,7.0
3271040007,4,4,5,171.0,4,0,2,2,120.0
3271060002,1,1,2,120.0,1,0,1,0,120.0
3271060008,1,1,1,7.4,0,1,0,1,7.4
3272011003,2,2,2,29.4,1,1,1,1,22.0
3272030005,2,2,2,29.0,0,2,0,2,22.0
3272040003,1,1,1,22.0,1,0,1,0,22.0
3272050003,2,4,4,88.0,2,0,2,0,22.0
3272050004,1,2,2,44.0,1,0,1,0,22.0
3273010005,1,1,1,22.0,1,0,1,0,22.0
3273020005,1,2,2,44.0,0,1,0,1,22.0
3273040005,2,4,6,374.8,1,1,1,1,180.0
3273060001,3,11,17,620.0,3,0,3,0,120.0
3273070001,1,1,2,60.0,1,0,1,0,60.0
3273070002,1,2,3,50.0,1,0,1,0,25.0
3273070005,1,1,1,7.0,0,1,0,1,7.0
3273070006,2,2,2,29.0,0,2,0,2,22.0
3273070007,1,1,1,22.0,0,1,0,1,22.0
3273090001,1,2,2,44.0,1,0,1,0,22.0
3273090002,1,1,1,22.0,1,0,1,0,22.0
3273090004,1,1,1,7.0,0,1,0,1,7.0
3273100001,1,1,2,200.0,1,0,0,1,200.0
3273100002,1,1,2,60.0,1,0,1,0,60.0
3273101001,4,6,6,117.0,0,4,0,4,22.0
3273101003,1,2,2,44.0,0,1,0,1,22.0
3273101004,1,1,1,7.0,1,0,1,0,7.0
3273110005,1,2,2,44.0,1,0,1,0,22.0
3273120006,1,2,2,44.0,1,0,1,0,22.0
3273130003,1,3,5,180.0,1,0,1,0,60.0
3273150001,1,1,1,22.0,0,1,0,1,22.0
3273150002,1,2,2,14.8,0,1,0,1,7.4
3273160001,1,1,1,22.0,1,0,1,0,22.0
3273160005,1,5,7,300.0,1,0,1,0,60.0
3273160008,1,2,4,240.0,1,0,1,0,120.0
3273170001,7,10,13,890.0,3,4,3,4,200.0
3273170004,2,3,3,57.0,1,1,1,1,25.0
3273180004,2,2,3,62.0,2,0,2,0,40.0
3273180006,2,4,4,88.0,0,2,0,2,22.0
3273190001,1,2,2,44.0,1,0,1,0,22.0
3273190005,1,1,1,7.4,0,1,0,1,7.4
3273190006,1,2,2,60.0,1,0,1,0,30.0
3273200001,3,3,3,36.4,0,3,0,3,22.0
3273200002,2,2,2,44.0,0,2,0,2,22.0
3273200003,2,2,2,29.4,1,1,1,1,22.0
3273210001,2,2,2,44.0,1,1,1,1,22.0
3273210004,1,1,1,7.0,0,1,0,1,7.0
3273210006,1,1,2,120.0,1,0,1,0,120.0
3273220003,1,4,5,88.0,1,0,1,0,22.0
3273230001,1,2,2,44.0,1,0,1,0,22.0
3273230002,1,2,3,50.0,1,0,0,1,25.0
3273230004,3,7,15,720.0,3,0,3,0,120.0
3273240004,1,3,3,66.0,0,1,0,1,22.0
3273240005,1,1,1,7.0,0,1,0,1,7.0
3273250003,2,5,8,220.0,2,0,2,0,120.0
3273260001,1,1,1,7.0,0,1,0,1,7.0
3273260003,2,4,4,66.0,1,1,1,1,22.0
3274020003,1,2,2,44.0,1,0,1,0,22.0
3274040002,1,2,2,44.0,0,1,0,1,22.0
3274040005,1,2,2,44.0,1,0,1,0,22.0
3274050001,1,2,2,44.0,1,0,0,1,22.0
3275010008,5,12,15,364.8,4,1,3,2,120.0
3275010009,2,3,3,66.0,1,1,1,1,22.0
3275010011,1,1,1,22.0,0,1,0,1,22.0
3275010012,3,4,7,477.0,3,0,3,0,200.0
3275011001,3,5,6,148.0,2,1,2,1,60.0
3275011002,4,6,6,87.8,1,3,1,3,22.0
3275011003,1,2,2,44.0,0,1,0,1,22.0
3275011004,1,4,4,88.0,1,0,1,0,22.0
3275012002,1,1,1,22.0,0,1,0,1,22.0
3275012004,3,4,6,291.0,3,0,3,0,200.0
3275020003,2,3,3,66.0,2,0,2,0,22.0
3275020004,1,2,2,44.0,0,1,0,1,22.0
3275020005,2,3,4,224.0,2,0,2,0,180.0
3275031002,1,3,3,66.0,1,0,1,0,22.0
3275040005,3,11,18,830.0,3,0,3,0,120.0
3275041002,1,2,2,14.8,0,1,0,1,7.4
3275041003,2,3,5,247.0,1,1,1,1,120.0
3275041004,2,2,2,44.0,1,1,1,1,22.0
3275050002,1,1,1,22.0,1,0,1,0,22.0
3275050003,6,9,11,514.0,1,5,1,5,180.0
3275050004,2,3,4,164.0,2,0,2,0,120.0
3275060003,1,2,2,44.0,0,1,0,1,22.0
3275061001,1,1,1,22.0,1,0,1,0,22.0
3275061003,4,6,6,132.0,2,2,0,4,22.0
3275061004,1,2,2,44.0,0,1,0,1,22.0
3275070005,1,2,2,44.0,1,0,1,0,22.0
3275070006,10,24,39,2787.4,2,8,2,8,240.0
3276010013,1,1,2,120.0,1,0,1,0,120.0
3276011003,2,2,2,29.0,0,2,0,2,22.0
3276011005,1,2,2,44.0,1,0,1,0,22.0
3276011007,1,2,4,240.0,1,0,1,0,120.0
3276020011,2,5,9,1207.0,1,1,0,2,300.0
3276030007,2,3,4,170.0,2,0,2,0,120.0
3276030008,1,2,2,44.0,1,0,1,0,22.0
3276030010,1,3,4,300.0,0,1,0,1,100.0
3276030011,1,2,3,50.0,1,0,1,0,25.0
3276031001,1,3,5,600.0,1,0,1,0,200.0
3276031002,1,1,1,22.0,0,1,0,1,22.0
3276040009,6,12,16,465.0,5,1,5,1,60.0
3276040010,1,2,2,44.0,1,0,1,0,22.0
3276040011,2,5,5,80.8,1,1,1,1,22.0
3276040012,1,2,2,44.0,1,0,1,0,22.0
3276041003,1,2,2,44.0,1,0,1,0,22.0
3276041004,1,2,2,44.0,1,0,1,0,22.0
3276050003,5,8,9,199.4,2,3,2,3,60.0
3276050004,3,4,5,249.0,2,1,2,1,180.0
3276061001,2,3,3,66.0,1,1,1,1,22.0
3276061002,1,3,5,90.0,1,0,0,1,30.0
3277010005,1,1,2,120.0,1,0,1,0,120.0
3277020002,1,2,2,44.0,1,0,1,0,22.0
3277020003,1,1,1,22.0,1,0,1,0,22.0
3277020005,2,4,4,88.0,2,0,1,1,22.0
3277030001,1,1,1,22.0,1,0,1,0,22.0
3277030002,1,1,1,22.0,1,0,1,0,22.0
3277030004,1,1,1,7.0,1,0,1,0,7.0
3278040001,1,1,1,7.0,0,1,0,1,7.0
3278040003,1,4,4,100.0,1,0,1,0,25.0
3278050001,2,2,2,29.4,1,1,1,1,22.0
3278050004,2,2,2,44.0,2,0,2,0,22.0
3278071001,1,2,2,44.0,1,0,1,0,22.0
3278080004,1,4,5,88.0,1,0,1,0,22.0
3279010006,1,3,6,150.0,1,0,1,0,50.0
3603020014,1,2,4,120.0,1,0,1,0,60.0
3603020016,1,1,1,22.0,1,0,1,0,22.0
3603021009,1,2,2,44.0,0,1,0,1,22.0
3603030002,1,2,2,14.0,1,0,1,0,7.0
3603030010,1,2,3,100.0,1,0,1,0,50.0
3603040006,1,2,4,120.0,1,0,1,0,60.0
3603040007,1,1,1,7.0,0,1,0,1,7.0
3603050003,1,2,2,44.0,1,0,1,0,22.0
3603050004,1,1,1,22.0,1,0,1,0,22.0
3603050006,1,2,2,44.0,1,0,1,0,22.0
3603050007,2,3,3,51.0,1,1,1,1,22.0
3603051002,12,20,21,523.0,2,10,2,10,120.0
3603051003,6,12,12,234.8,0,6,0,6,22.0
3603051004,4,6,7,230.0,1,3,1,3,120.0
3603051006,7,14,15,314.0,1,6,0,7,25.0
3603070005,1,2,2,50.0,1,0,1,0,25.0
3603070006,7,12,14,324.0,2,5,2,5,40.0
3603070008,9,19,29,1488.8,3,6,3,6,180.0
3603070010,4,6,19,786.0,3,1,3,1,480.0
3603070012,2,2,2,44.0,2,0,2,0,22.0
3603081005,4,4,6,284.0,2,2,2,2,120.0
3603120008,2,4,4,88.0,2,0,2,0,22.0
3603120012,2,4,4,28.4,2,0,2,0,7.4
3603121001,4,6,6,108.0,4,0,4,0,25.0
3603121002,1,2,2,44.0,1,0,1,0,22.0
3603121003,2,2,2,44.0,2,0,2,0,22.0
3603121004,1,1,1,22.0,0,1,0,1,22.0
3603121006,2,5,5,110.0,0,2,0,2,22.0
3603121007,1,2,2,44.0,0,1,0,1,22.0
3603130006,1,1,1,22.0,0,1,0,1,22.0
3603131008,2,5,9,450.0,2,0,2,0,100.0
3603132002,1,2,2,44.0,0,1,0,1,22.0
3603140001,1,2,4,320.0,1,0,1,0,160.0
3603150003,1,2,2,44.0,0,1,0,1,22.0
3603151003,1,2,2,44.0,0,1,0,1,22.0
3603160009,3,4,4,88.0,0,3,0,3,22.0
3603160010,1,2,2,44.0,0,1,0,1,22.0
3603161003,1,1,1,22.0,0,1,0,1,22.0
3603170003,1,2,2,44.0,0,1,0,1,22.0
3603170004,2,5,5,110.0,0,2,0,2,22.0
3603170009,1,1,1,22.0,0,1,0,1,22.0
3603180008,2,3,3,36.0,2,0,1,1,22.0
3603180009,1,2,2,14.0,1,0,1,0,7.0
3603210005,1,2,2,44.0,1,0,1,0,22.0
3603210009,2,6,8,448.0,2,0,1,1,180.0
3603210010,9,20,30,1422.0,6,3,6,3,120.0
3671010014,3,3,3,66.0,3,0,2,1,22.0
3671010016,1,1,1,7.0,0,1,0,1,7.0
3671011005,2,2,4,240.0,2,0,2,0,120.0
3671011008,3,3,3,66.0,3,0,3,0,22.0
3671012002,1,2,2,44.0,1,0,1,0,22.0
3671012003,3,4,4,88.0,3,0,3,0,22.0
3671012007,1,1,1,22.0,1,0,0,1,22.0
3671020013,2,7,7,154.0,2,0,2,0,22.0
3671020014,1,2,2,44.0,1,0,1,0,22.0
3671020016,4,9,15,1106.0,3,1,2,2,200.0
3671020020,1,2,4,160.0,0,1,0,1,80.0
3671021001,2,4,4,88.0,2,0,2,0,22.0
3671021003,4,9,13,545.0,2,2,2,2,120.0
3671021004,1,1,1,22.0,0,1,0,1,22.0
3671021006,1,2,2,44.0,1,0,1,0,22.0
3671021007,1,3,7,180.0,1,0,1,0,60.0
3671021008,1,1,1,22.0,0,1,0,1,22.0
3671021009,1,1,2,200.0,1,0,1,0,200.0
3671030004,2,2,2,29.0,0,2,0,2,22.0
3671030006,5,7,9,436.0,4,1,4,1,200.0
3671030014,4,6,8,298.0,4,0,4,0,120.0
3671030015,2,3,3,51.0,1,1,1,1,22.0
3671030018,1,1,1,22.0,1,0,1,0,22.0
3671031003,1,2,3,120.0,1,0,0,1,60.0
3671031005,2,3,3,66.0,1,1,1,1,22.0
3671031006,2,3,4,164.0,1,1,1,1,120.0
3671031010,1,1,2,120.0,1,0,1,0,120.0
3671041001,3,4,4,73.0,1,2,1,2,22.0
3671042002,1,1,1,7.4,1,0,1,0,7.4
3671050004,1,2,2,44.0,0,1,0,1,22.0
3671050005,4,4,4,58.0,0,4,0,4,22.0
3671051003,1,3,4,75.0,1,0,0,1,25.0
3671051007,1,2,2,44.0,1,0,1,0,22.0
3671060003,1,1,1,22.0,0,1,0,1,22.0
3671060005,4,19,36,2062.0,0,4,0,4,120.0
3674020009,1,2,4,240.0,1,0,1,0,120.0
3674020010,1,1,1,22.0,0,1,0,1,22.0
3674020012,1,1,1,22.0,1,0,1,0,22.0
3674020019,7,10,14,650.0,5,2,4,3,120.0
3674020021,3,8,16,1560.0,2,1,2,1,240.0
3674030001,1,1,2,22.0,1,0,1,0,22.0
3674030003,2,2,4,127.0,2,0,2,0,120.0
3674030004,2,3,3,66.0,1,1,1,1,22.0
3674040001,1,1,2,50.0,1,0,1,0,50.0
3674040002,2,3,5,160.0,2,0,2,0,60.0
3674040004,1,2,2,44.0,1,0,1,0,22.0
3674040006,2,3,3,51.0,1,1,1,1,22.0
3674040007,1,1,1,22.0,0,1,0,1,22.0
3674050003,1,1,1,7.0,0,1,0,1,7.0
3674050004,2,2,2,29.4,1,1,1,1,22.0
3674060001,3,7,8,154.0,3,0,3,0,22.0
3674060004,5,7,10,403.8,3,2,3,2,120.0
3674060005,5,6,9,366.0,2,3,2,3,180.0
3674060006,12,17,24,722.4,5,7,5,7,120.0
3674060009,1,4,4,88.0,1,0,1,0,22.0
3674060010,1,2,2,44.0,0,1,0,1,22.0
3674070001,1,1,2,120.0,1,0,1,0,120.0
3674070003,2,3,4,164.0,1,1,1,1,120.0
3674070005,8,16,23,1511.0,2,6,2,6,360.0
3674070006,2,5,5,66.2,1,1,1,1,22.0
3674070007,2,4,4,88.0,2,0,2,0,22.0
